datetime,count
2011-01-20 00:00:00,10.584494656777075
2011-01-20 01:00:00,5.216650753935067
2011-01-20 02:00:00,3.3347759212888146
2011-01-20 03:00:00,3.000868056748853
2011-01-20 04:00:00,2.5194664538351486
2011-01-20 05:00:00,5.242527427590787
2011-01-20 06:00:00,35.15659516412545
2011-01-20 07:00:00,93.4376874108859
2011-01-20 08:00:00,198.47080295822946
2011-01-20 09:00:00,118.26926963026466
2011-01-20 10:00:00,63.661053156346064
2011-01-20 11:00:00,65.81687443135712
2011-01-20 12:00:00,71.20259561276328
2011-01-20 13:00:00,69.93139133196702
2011-01-20 14:00:00,72.86756758517059
2011-01-20 15:00:00,77.31879206186443
2011-01-20 16:00:00,86.77142159308137
2011-01-20 17:00:00,167.25827751272118
2011-01-20 18:00:00,162.52008650479704
2011-01-20 19:00:00,108.16518314600496
2011-01-20 20:00:00,70.7243676378308
2011-01-20 21:00:00,49.99778834619478
2011-01-20 22:00:00,41.328887460485795
2011-01-20 23:00:00,21.0419248783763
2011-01-21 00:00:00,12.732557156442136
2011-01-21 01:00:00,5.405379072405006
2011-01-21 02:00:00,3.786716799399339
2011-01-21 03:00:00,2.1563325670034015
2011-01-21 04:00:00,2.00019735817428
2011-01-21 05:00:00,2.7896926573333793
2011-01-21 06:00:00,31.16148118643707
2011-01-21 07:00:00,90.69761927305379
2011-01-21 08:00:00,188.19391817095715
2011-01-21 09:00:00,117.88589160985643
2011-01-21 10:00:00,50.14100236891241
2011-01-21 11:00:00,57.0816298015447
2011-01-21 12:00:00,60.65684451186985
2011-01-21 13:00:00,58.40702057934543
2011-01-21 14:00:00,57.77806850045793
2011-01-21 15:00:00,55.149479711693914
2011-01-21 16:00:00,79.95065147358731
2011-01-21 17:00:00,147.59825046974302
2011-01-21 18:00:00,146.5052348536697
2011-01-21 19:00:00,102.97253312289365
2011-01-21 20:00:00,60.060252408937394
2011-01-21 21:00:00,41.940907852199146
2011-01-21 22:00:00,32.814180564186756
2011-01-21 23:00:00,18.664387508003287
2011-01-22 00:00:00,19.18386768856138
2011-01-22 01:00:00,15.918140376370438
2011-01-22 02:00:00,11.784650187516085
2011-01-22 03:00:00,5.9303128672947265
2011-01-22 04:00:00,2.1865726712080296
2011-01-22 06:00:00,3.414307788126747
2011-01-22 07:00:00,9.908585705783656
2011-01-22 08:00:00,17.19111212462039
2011-01-22 09:00:00,28.4247769156376
2011-01-22 10:00:00,48.43716590478771
2011-01-22 11:00:00,51.10777186406073
2011-01-22 12:00:00,60.882773386050744
2011-01-22 13:00:00,62.11819334026165
2011-01-22 14:00:00,61.84228913850663
2011-01-22 15:00:00,62.27168908538982
2011-01-22 16:00:00,63.69403385678662
2011-01-22 17:00:00,63.64419333648304
2011-01-22 18:00:00,49.86740388418772
2011-01-22 19:00:00,38.64322639319632
2011-01-22 20:00:00,35.16177207869706
2011-01-22 21:00:00,35.776951258592284
2011-01-22 22:00:00,28.449500680159733
2011-01-22 23:00:00,16.740320635678113
2011-01-23 00:00:00,23.97804970621783
2011-01-23 01:00:00,20.868911225989738
2011-01-23 02:00:00,13.112564176838491
2011-01-23 03:00:00,9.274799988928034
2011-01-23 05:00:00,2.264988565094546
2011-01-23 06:00:00,1.5595566633997735
2011-01-23 07:00:00,7.80809245251827
2011-01-23 08:00:00,14.812305619018218
2011-01-23 09:00:00,24.701163375055778
2011-01-23 10:00:00,57.06238236902553
2011-01-23 11:00:00,60.64979706337496
2011-01-23 12:00:00,65.53605478039057
2011-01-23 13:00:00,64.59652377862484
2011-01-23 14:00:00,66.47028439403053
2011-01-23 15:00:00,66.59123813662637
2011-01-23 16:00:00,66.98891208078277
2011-01-23 17:00:00,64.18367093320363
2011-01-23 18:00:00,55.535398332302606
2011-01-23 19:00:00,39.487867906381894
2011-01-23 20:00:00,35.263716576564654
2011-01-23 21:00:00,24.081285588929525
2011-01-23 22:00:00,16.117349311300444
2011-01-23 23:00:00,11.228096472627744
2011-01-24 00:00:00,8.094639193107819
2011-01-24 01:00:00,3.3448957958059693
2011-01-24 03:00:00,1.8650878089852898
2011-01-24 04:00:00,2.1236629881450817
2011-01-24 05:00:00,5.012023064150305
2011-01-24 06:00:00,28.98663205028613
2011-01-24 07:00:00,77.83656090585828
2011-01-24 08:00:00,173.3144196970451
2011-01-24 09:00:00,106.27498198566828
2011-01-24 10:00:00,46.84113923328691
2011-01-24 11:00:00,44.60644641677913
2011-01-24 12:00:00,49.63576091333748
2011-01-24 13:00:00,49.08627098268979
2011-01-24 14:00:00,48.02004948489028
2011-01-24 15:00:00,54.676103107064584
2011-01-24 16:00:00,73.02347995974245
2011-01-24 17:00:00,147.0360460579613
2011-01-24 18:00:00,146.9585957345332
2011-01-24 19:00:00,104.13057950704878
2011-01-24 20:00:00,64.31847972106277
2011-01-24 21:00:00,39.08703338045024
2011-01-24 22:00:00,25.961393008871987
2011-01-24 23:00:00,17.48370394873153
2011-01-25 00:00:00,8.086488287047352
2011-01-25 01:00:00,3.523995012703649
2011-01-25 02:00:00,1.9291358139020744
2011-01-25 04:00:00,1.7390246995433527
2011-01-25 05:00:00,4.479129363771953
2011-01-25 06:00:00,33.60832562638005
2011-01-25 07:00:00,77.90393910753477
2011-01-25 08:00:00,170.9383597650707
2011-01-25 09:00:00,114.22722095730722
2011-01-25 10:00:00,56.677512102032765
2011-01-25 11:00:00,61.76888697481845
2011-01-25 12:00:00,67.89626333265238
2011-01-25 13:00:00,68.40969857240214
2011-01-25 14:00:00,70.16597693799665
2011-01-25 15:00:00,72.90830623285322
2011-01-25 16:00:00,85.94889049164875
2011-01-25 17:00:00,157.44005554983772
2011-01-25 18:00:00,167.14219408876102
2011-01-25 19:00:00,111.09908199239531
2011-01-25 20:00:00,69.78036182125558
2011-01-25 21:00:00,48.75748225916814
2011-01-25 22:00:00,36.64519825811516
2011-01-25 23:00:00,17.624212590982633
2011-01-26 00:00:00,8.594311137127008
2011-01-26 01:00:00,5.317234428877448
2011-01-26 02:00:00,2.746530862669915
2011-01-26 05:00:00,2.7139333661247025
2011-01-26 06:00:00,24.651388744197355
2011-01-26 07:00:00,60.88390613367136
2011-01-26 08:00:00,111.85393872276558
2011-01-26 09:00:00,69.8867101990891
2011-01-26 10:00:00,35.95720769791134
2011-01-26 11:00:00,28.245157398035467
2011-01-26 12:00:00,29.028699459427777
2011-01-26 13:00:00,28.577740422438687
2011-01-26 14:00:00,27.54294710550072
2011-01-26 15:00:00,18.505079812293054
2011-01-26 16:00:00,53.17998077564167
2011-01-26 17:00:00,85.70189965695904
2011-01-27 16:00:00,76.52499980547688
2011-01-27 17:00:00,152.76907555715795
2011-01-27 18:00:00,149.0914745106604
2011-01-27 19:00:00,107.53993531927055
2011-01-27 20:00:00,65.84327068662337
2011-01-27 21:00:00,46.67991591583075
2011-01-27 22:00:00,38.24338369540259
2011-01-27 23:00:00,19.865771406554778
2011-01-28 00:00:00,12.671370012497253
2011-01-28 01:00:00,6.0643830876016835
2011-01-28 02:00:00,2.4875732985979866
2011-01-28 03:00:00,2.05935561673902
2011-01-28 05:00:00,5.3330324380186145
2011-01-28 06:00:00,30.383337367305653
2011-01-28 07:00:00,79.63051662766935
2011-01-28 08:00:00,170.84533677975477
2011-01-28 09:00:00,57.92328592401674
2011-01-28 10:00:00,35.81215610695604
2011-01-28 11:00:00,35.78662425113555
2011-01-28 12:00:00,38.45977737234747
2011-01-28 13:00:00,38.17632939761819
2011-01-28 14:00:00,42.09264556845666
2011-01-28 15:00:00,45.957185058588074
2011-01-28 16:00:00,72.43956366122106
2011-01-28 17:00:00,147.16555502147256
2011-01-28 18:00:00,145.29333345077382
2011-01-28 19:00:00,104.06425049140036
2011-01-28 20:00:00,69.59644866765484
2011-01-28 21:00:00,46.68273065325441
2011-01-28 22:00:00,39.485145065759504
2011-01-28 23:00:00,21.6936086387311
2011-01-29 00:00:00,23.200573850897317
2011-01-29 01:00:00,21.553216498172308
2011-01-29 02:00:00,16.50787048148109
2011-01-29 03:00:00,10.188409032578143
2011-01-29 04:00:00,2.3422845205938425
2011-01-29 06:00:00,2.814072738604619
2011-01-29 07:00:00,10.441016420222269
2011-01-29 08:00:00,22.092729980711773
2011-01-29 09:00:00,35.15844778966997
2011-01-29 10:00:00,63.435891302944185
2011-01-29 11:00:00,66.78656601798318
2011-01-29 12:00:00,77.3237853570847
2011-01-29 13:00:00,80.33047100044817
2011-01-29 14:00:00,76.32785249331249
2011-01-29 15:00:00,76.5934068892787
2011-01-29 16:00:00,82.92483510651994
2011-01-29 17:00:00,75.73331444147325
2011-01-29 18:00:00,69.52976641831924
2011-01-29 19:00:00,50.47788267229595
2011-01-29 20:00:00,40.45021907567562
2011-01-29 21:00:00,39.44570592854308
2011-01-29 22:00:00,30.742359085598437
2011-01-29 23:00:00,17.959882334910027
2011-01-30 00:00:00,25.854850534377476
2011-01-30 01:00:00,26.429729019764704
2011-01-30 02:00:00,18.54900504805846
2011-01-30 03:00:00,9.327888151352171
2011-01-30 04:00:00,2.9837699414758663
2011-01-30 05:00:00,2.3031086133497984
2011-01-30 07:00:00,6.668072760463063
2011-01-30 08:00:00,11.70158935775864
2011-01-30 09:00:00,23.721404765845676
2011-01-30 10:00:00,54.491037351647
2011-01-30 11:00:00,59.67132126748433
2011-01-30 12:00:00,90.37957499770309
2011-01-30 13:00:00,81.89431104172775
2011-01-30 14:00:00,83.1230878408317
2011-01-30 15:00:00,78.42889099135837
2011-01-30 16:00:00,79.04493383462497
2011-01-30 17:00:00,82.73547739532958
2011-01-30 18:00:00,69.07668495252408
2011-01-30 19:00:00,43.43814860622435
2011-01-30 20:00:00,36.18792220664495
2011-01-30 21:00:00,27.786790050738112
2011-01-30 22:00:00,15.928286148354653
2011-01-30 23:00:00,11.256772514274283
2011-01-31 00:00:00,9.602997501053117
2011-01-31 01:00:00,2.9268469616364783
2011-01-31 02:00:00,2.5257851348872515
2011-01-31 03:00:00,2.285639330228845
2011-01-31 04:00:00,1.80047579061658
2011-01-31 05:00:00,2.4269876580819942
2011-01-31 06:00:00,32.44691610693947
2011-01-31 07:00:00,79.85078944144679
2011-01-31 08:00:00,174.30661280678424
2011-01-31 09:00:00,105.79286096147393
2011-01-31 10:00:00,46.39919409396274
2011-01-31 11:00:00,46.437709852623755
2011-01-31 12:00:00,54.22703846079331
2011-01-31 13:00:00,55.218536602600906
2011-01-31 14:00:00,53.111870755614625
2011-01-31 15:00:00,50.276648334646666
2011-01-31 16:00:00,72.75074127611497
2011-01-31 17:00:00,148.9141525071843
2011-01-31 18:00:00,147.5995127871145
2011-01-31 19:00:00,117.6011025609937
2011-01-31 20:00:00,53.50713036617654
2011-01-31 21:00:00,30.952448137938088
2011-01-31 22:00:00,27.713927264082713
2011-01-31 23:00:00,16.62639577889175
2011-02-20 00:00:00,32.85683581182739
2011-02-20 01:00:00,25.332407070825703
2011-02-20 02:00:00,14.4831202140444
2011-02-20 03:00:00,6.550859564653734
2011-02-20 04:00:00,1.9598433967590263
2011-02-20 06:00:00,2.4650628961587913
2011-02-20 07:00:00,9.227439062858029
2011-02-20 08:00:00,21.43471206459052
2011-02-20 09:00:00,45.77581018583679
2011-02-20 10:00:00,85.91656368592723
2011-02-20 11:00:00,107.0811330128601
2011-02-20 12:00:00,115.78466301337612
2011-02-20 13:00:00,133.45354159235757
2011-02-20 14:00:00,130.92071643859546
2011-02-20 15:00:00,134.19865582586274
2011-02-20 16:00:00,133.68889987858518
2011-02-20 17:00:00,128.71154324840327
2011-02-20 18:00:00,107.96876328838648
2011-02-20 19:00:00,77.48630283191629
2011-02-20 20:00:00,63.62430281183636
2011-02-20 21:00:00,49.79684924713109
2011-02-20 22:00:00,45.77310370730148
2011-02-20 23:00:00,35.531422364126584
2011-02-21 00:00:00,24.71622474158014
2011-02-21 01:00:00,21.140196838582863
2011-02-21 02:00:00,7.557481700842384
2011-02-21 03:00:00,3.524598648159434
2011-02-21 04:00:00,2.747655169710597
2011-02-21 05:00:00,4.351622841529551
2011-02-21 06:00:00,7.758274480144916
2011-02-21 07:00:00,62.71962494085894
2011-02-21 08:00:00,54.63344574498724
2011-02-21 09:00:00,72.40992271975989
2011-02-21 10:00:00,95.1175899181161
2011-02-21 11:00:00,100.71566516800624
2011-02-21 12:00:00,100.7485966627654
2011-02-21 13:00:00,62.802988304085304
2011-02-21 14:00:00,96.9628391014632
2011-02-21 15:00:00,93.28174054302984
2011-02-21 16:00:00,67.76111903842812
2011-02-21 17:00:00,100.69852420498556
2011-02-21 18:00:00,85.05749677835715
2011-02-21 19:00:00,70.03253121241235
2011-02-21 20:00:00,42.954104526853385
2011-02-21 21:00:00,29.188543012442143
2011-02-21 22:00:00,20.132546091850266
2011-02-21 23:00:00,12.146754870888701
2011-02-22 06:00:00,31.000665247701875
2011-02-22 07:00:00,87.9717553188699
2011-02-22 08:00:00,187.53031432768054
2011-02-22 09:00:00,120.50788216883234
2011-02-22 10:00:00,50.43337155312385
2011-02-22 11:00:00,54.32679105016091
2011-02-22 12:00:00,59.175382405817665
2011-02-22 13:00:00,61.783799296324474
2011-02-22 14:00:00,61.37517978512673
2011-02-22 15:00:00,68.03141349310923
2011-02-22 16:00:00,77.06902388822543
2011-02-22 17:00:00,153.74793356104382
2011-02-22 18:00:00,153.9699362910029
2011-02-22 19:00:00,107.11474650420797
2011-02-22 20:00:00,75.756081762155
2011-02-22 21:00:00,55.78043278016542
2011-02-22 22:00:00,34.27619312215489
2011-02-22 23:00:00,20.51068444301691
2011-02-23 00:00:00,11.33485083822232
2011-02-23 01:00:00,5.5176600544007375
2011-02-23 02:00:00,2.2361063395614904
2011-02-23 03:00:00,1.4616839627403848
2011-02-23 05:00:00,5.626231955841304
2011-02-23 06:00:00,32.158725447304505
2011-02-23 07:00:00,89.24032479492286
2011-02-23 08:00:00,190.0406851077821
2011-02-23 09:00:00,121.81037466510229
2011-02-23 10:00:00,59.32937226784161
2011-02-23 11:00:00,65.1202676881856
2011-02-23 12:00:00,70.43629176986117
2011-02-23 13:00:00,77.29696627882956
2011-02-23 14:00:00,83.01721873814992
2011-02-23 15:00:00,84.8682363215425
2011-02-23 16:00:00,107.87555098947237
2011-02-23 17:00:00,181.96942368758678
2011-02-23 18:00:00,179.5877807181485
2011-02-23 19:00:00,124.84177566629484
2011-02-23 20:00:00,77.36529329695735
2011-02-23 21:00:00,59.5463488874785
2011-02-23 22:00:00,45.720316985764
2011-02-23 23:00:00,26.572252010288135
2011-02-24 00:00:00,12.2605186946315
2011-02-24 01:00:00,5.810460728292387
2011-02-24 02:00:00,2.4728830744731085
2011-02-24 03:00:00,1.784722258207067
2011-02-24 05:00:00,5.443179466844654
2011-02-24 06:00:00,35.643716421035094
2011-02-24 07:00:00,99.87910044130774
2011-02-24 08:00:00,216.39384619176383
2011-02-24 09:00:00,126.01153072098496
2011-02-24 10:00:00,63.15310800846208
2011-02-24 11:00:00,75.59244307667848
2011-02-24 12:00:00,92.16184491111103
2011-02-24 13:00:00,97.40513018075062
2011-02-24 14:00:00,98.62187627519866
2011-02-24 15:00:00,38.06850682324756
2011-02-24 16:00:00,54.638773362844475
2011-02-24 17:00:00,96.23170573624557
2011-02-24 18:00:00,145.80016950362273
2011-02-24 19:00:00,63.62411756523607
2011-02-24 20:00:00,77.7900376229376
2011-02-24 21:00:00,59.319226902959514
2011-02-24 22:00:00,29.350341085941302
2011-02-24 23:00:00,33.738299298283856
2011-02-25 00:00:00,5.93066909744617
2011-02-25 01:00:00,8.587064794511408
2011-02-25 02:00:00,5.958088021690443
2011-02-25 03:00:00,2.212060146628321
2011-02-25 05:00:00,6.45327652344082
2011-02-25 06:00:00,27.508861403360836
2011-02-25 07:00:00,47.230779997575006
2011-02-25 08:00:00,81.27553236072711
2011-02-25 09:00:00,50.42102301489673
2011-02-25 10:00:00,32.385610446142465
2011-02-25 11:00:00,101.21133986076791
2011-02-25 12:00:00,77.84722878086512
2011-02-25 13:00:00,76.3999361194973
2011-02-25 14:00:00,81.56246607010586
2011-02-25 15:00:00,162.20432990655104
2011-02-25 16:00:00,96.03705375358307
2011-02-25 17:00:00,170.1626214406093
2011-02-25 18:00:00,169.35592543414285
2011-02-25 19:00:00,112.06519050354486
2011-02-25 20:00:00,75.30629486538277
2011-02-25 21:00:00,52.55101437190989
2011-02-25 22:00:00,40.79376713892847
2011-02-25 23:00:00,31.47936212600508
2011-02-26 00:00:00,27.367651014930253
2011-02-26 01:00:00,23.156619675372646
2011-02-26 02:00:00,14.540475080926363
2011-02-26 03:00:00,10.3537670129218
2011-02-26 04:00:00,2.4175526369938902
2011-02-26 05:00:00,2.169701844502836
2011-02-26 06:00:00,2.538343346185508
2011-02-26 07:00:00,8.67952712039451
2011-02-26 08:00:00,16.318445140782238
2011-02-26 09:00:00,52.02688647009234
2011-02-26 10:00:00,103.00624960470333
2011-02-26 11:00:00,111.35426625985451
2011-02-26 12:00:00,118.2266666370597
2011-02-26 13:00:00,124.17728893617506
2011-02-26 14:00:00,123.20327059531093
2011-02-26 15:00:00,125.8733920411874
2011-02-26 16:00:00,127.63259159572775
2011-02-26 17:00:00,131.59573837384718
2011-02-26 18:00:00,114.37953301699565
2011-02-26 19:00:00,71.98982911458306
2011-02-26 20:00:00,57.252313195714464
2011-02-26 21:00:00,48.52513534229286
2011-02-26 22:00:00,45.60513256205391
2011-02-26 23:00:00,43.23866508960847
2011-02-27 00:00:00,36.57115072641459
2011-02-27 01:00:00,32.641517162308716
2011-02-27 02:00:00,21.244657836863222
2011-02-27 03:00:00,10.88875558126264
2011-02-27 04:00:00,3.1317905577799867
2011-02-27 06:00:00,2.704882513887742
2011-02-27 07:00:00,9.438426546701708
2011-02-27 08:00:00,18.165577560335887
2011-02-27 09:00:00,43.44760277965968
2011-02-27 10:00:00,90.40557748164665
2011-02-27 11:00:00,120.85671552352673
2011-02-27 12:00:00,119.86295001856382
2011-02-27 13:00:00,134.3840001113709
2011-02-27 14:00:00,159.0089682071979
2011-02-27 15:00:00,207.20044375486862
2011-02-27 16:00:00,210.55125194820724
2011-02-27 17:00:00,137.3034570825284
2011-02-27 18:00:00,119.8797307645996
2011-02-27 19:00:00,92.28079753989869
2011-02-27 20:00:00,74.00584711615441
2011-02-27 21:00:00,63.8696214897284
2011-02-27 22:00:00,47.6433441951922
2011-02-27 23:00:00,37.71818927980141
2011-02-28 00:00:00,14.165064478341046
2011-02-28 01:00:00,3.718006676676599
2011-02-28 03:00:00,1.7846352385064406
2011-02-28 05:00:00,6.520026378514178
2011-02-28 06:00:00,35.69355107253915
2011-02-28 07:00:00,104.2135004093826
2011-02-28 08:00:00,178.23914411911642
2011-02-28 09:00:00,112.01597627118927
2011-02-28 10:00:00,88.54623148939666
2011-02-28 11:00:00,105.45720694936364
2011-02-28 12:00:00,117.69092017254528
2011-02-28 13:00:00,53.86807045167654
2011-02-28 14:00:00,40.411665749857974
2011-02-28 15:00:00,36.45237232110665
2011-02-28 16:00:00,46.35946813341495
2011-02-28 17:00:00,50.293949169831414
2011-02-28 18:00:00,75.19077816903526
2011-02-28 19:00:00,58.82996824528897
2011-02-28 20:00:00,56.41981895648916
2011-02-28 21:00:00,69.72810823093712
2011-02-28 22:00:00,31.251783298986346
2011-02-28 23:00:00,25.182512192486637
2011-03-20 00:00:00,39.078635654364184
2011-03-20 01:00:00,36.541823643787154
2011-03-20 02:00:00,19.375709643759244
2011-03-20 03:00:00,8.815356451142861
2011-03-20 04:00:00,2.028586586828333
2011-03-20 05:00:00,2.0467640605554047
2011-03-20 06:00:00,2.0390599373941667
2011-03-20 07:00:00,15.393716037224936
2011-03-20 08:00:00,38.181562504293034
2011-03-20 09:00:00,73.08408078062826
2011-03-20 10:00:00,113.90688821847169
2011-03-20 11:00:00,129.6843297379056
2011-03-20 12:00:00,136.20830785840118
2011-03-20 13:00:00,122.88464278374411
2011-03-20 14:00:00,126.61935671506092
2011-03-20 15:00:00,126.07258815994665
2011-03-20 16:00:00,138.95694713054928
2011-03-20 17:00:00,134.57050958009629
2011-03-20 18:00:00,136.55460819381025
2011-03-20 19:00:00,104.44897187162174
2011-03-20 20:00:00,85.04011617249229
2011-03-20 21:00:00,55.64989841638666
2011-03-20 22:00:00,46.757950915583685
2011-03-20 23:00:00,31.212845065331273
2011-03-21 00:00:00,10.269615325787054
2011-03-21 01:00:00,5.4916038512177945
2011-03-21 02:00:00,3.8123293161861045
2011-03-21 03:00:00,2.4861281090982197
2011-03-21 05:00:00,4.525026928540237
2011-03-21 06:00:00,34.18439626683054
2011-03-21 07:00:00,67.3862954689613
2011-03-21 08:00:00,210.6153819761317
2011-03-21 09:00:00,119.5829117842643
2011-03-21 10:00:00,89.64360485502897
2011-03-21 11:00:00,97.8795419118944
2011-03-21 12:00:00,95.17573581032124
2011-03-21 13:00:00,121.890455395317
2011-03-21 14:00:00,120.66527787693559
2011-03-21 15:00:00,129.67663635518477
2011-03-21 16:00:00,176.3501853659745
2011-03-21 17:00:00,271.510211001041
2011-03-21 18:00:00,249.95382345439705
2011-03-21 19:00:00,247.144204149935
2011-03-21 20:00:00,159.18719000491885
2011-03-21 21:00:00,70.3713048198744
2011-03-21 22:00:00,82.60305614412076
2011-03-21 23:00:00,47.52674175438823
2011-03-22 00:00:00,25.573510117156246
2011-03-22 01:00:00,6.042430544295031
2011-03-22 02:00:00,5.857836058507479
2011-03-22 03:00:00,3.0975183726901556
2011-03-22 04:00:00,2.528311131632957
2011-03-22 05:00:00,10.210682344487996
2011-03-22 06:00:00,44.12617799486664
2011-03-22 07:00:00,123.32395467328956
2011-03-22 08:00:00,154.2733188366418
2011-03-22 09:00:00,120.13857302707605
2011-03-22 10:00:00,109.57352159127088
2011-03-22 11:00:00,110.22492047049255
2011-03-22 12:00:00,126.44028810439782
2011-03-22 13:00:00,121.05845207995552
2011-03-22 14:00:00,122.105558551094
2011-03-22 15:00:00,124.45498026126857
2011-03-22 16:00:00,189.73223346361425
2011-03-22 17:00:00,287.87564346055876
2011-03-22 18:00:00,264.60700408704304
2011-03-22 19:00:00,175.4878900714544
2011-03-22 20:00:00,131.63038373748455
2011-03-22 21:00:00,95.46028650746052
2011-03-22 22:00:00,67.02836439522409
2011-03-22 23:00:00,36.97467182161771
2011-03-23 00:00:00,14.185204898153856
2011-03-23 01:00:00,6.628505539162849
2011-03-23 02:00:00,3.3286136134859228
2011-03-23 03:00:00,2.46598728696163
2011-03-23 05:00:00,7.064996709099424
2011-03-23 06:00:00,44.004958148149115
2011-03-23 07:00:00,99.82343481671207
2011-03-23 08:00:00,199.942349326304
2011-03-23 09:00:00,133.74841971100193
2011-03-23 10:00:00,71.88293863958792
2011-03-23 11:00:00,74.95830667451807
2011-03-23 12:00:00,66.892040631573
2011-03-23 13:00:00,47.73667877527643
2011-03-23 14:00:00,80.18177970933466
2011-03-23 15:00:00,89.55336632033291
2011-03-23 16:00:00,120.68547688411553
2011-03-23 17:00:00,171.49109663728206
2011-03-23 18:00:00,106.32067866090621
2011-03-23 19:00:00,92.49462177778614
2011-03-23 20:00:00,52.818734483594966
2011-03-23 21:00:00,39.04472297825197
2011-03-23 22:00:00,36.19620281676701
2011-03-23 23:00:00,24.713682247257445
2011-03-24 00:00:00,10.421232434795659
2011-03-24 01:00:00,4.6607676575041825
2011-03-24 02:00:00,3.93518300081786
2011-03-24 03:00:00,2.143760757047877
2011-03-24 04:00:00,1.8901253818966521
2011-03-24 05:00:00,6.291025410146082
2011-03-24 06:00:00,37.865705152654726
2011-03-24 07:00:00,60.041105633605646
2011-03-24 08:00:00,101.53744732599039
2011-03-24 09:00:00,133.9362401769961
2011-03-24 10:00:00,45.78093236131433
2011-03-24 11:00:00,58.80732344466118
2011-03-24 12:00:00,73.94804086461619
2011-03-24 13:00:00,82.6427181593624
2011-03-24 14:00:00,78.45774797060811
2011-03-24 15:00:00,74.75433097138571
2011-03-24 16:00:00,91.03262199428832
2011-03-24 17:00:00,176.43997160036582
2011-03-24 18:00:00,175.75293494997194
2011-03-24 19:00:00,116.78875173460224
2011-03-24 20:00:00,80.02592599780574
2011-03-24 21:00:00,60.69417944844058
2011-03-24 22:00:00,48.71189691467184
2011-03-24 23:00:00,32.14178513956333
2011-03-25 00:00:00,16.520033010975602
2011-03-25 01:00:00,5.083661585736182
2011-03-25 02:00:00,2.762738876173442
2011-03-25 03:00:00,2.2714700918102366
2011-03-25 04:00:00,1.715059487884862
2011-03-25 05:00:00,7.278561189693971
2011-03-25 06:00:00,36.65689387191289
2011-03-25 07:00:00,107.21152704380762
2011-03-25 08:00:00,206.08204352502784
2011-03-25 09:00:00,132.99320884058776
2011-03-25 10:00:00,74.1032267983366
2011-03-25 11:00:00,80.03340089440978
2011-03-25 12:00:00,89.78506211762061
2011-03-25 13:00:00,90.01410435590748
2011-03-25 14:00:00,98.80388977137974
2011-03-25 15:00:00,93.4588400217099
2011-03-25 16:00:00,116.65390467035691
2011-03-25 17:00:00,181.04109764820802
2011-03-25 18:00:00,180.69236567038013
2011-03-25 19:00:00,121.59204976767434
2011-03-25 20:00:00,85.2161896866088
2011-03-25 21:00:00,65.00638588546506
2011-03-25 22:00:00,45.58386749916855
2011-03-25 23:00:00,32.48514665569452
2011-03-26 00:00:00,32.12251630106988
2011-03-26 01:00:00,27.920920917875755
2011-03-26 02:00:00,16.21479876289532
2011-03-26 03:00:00,7.6876215754334005
2011-03-26 04:00:00,2.7549233567384133
2011-03-26 05:00:00,2.8193705958026514
2011-03-26 06:00:00,5.520541127193515
2011-03-26 07:00:00,18.150655869880907
2011-03-26 08:00:00,40.713518946951
2011-03-26 09:00:00,64.60259896991413
2011-03-26 10:00:00,95.6831792887767
2011-03-26 11:00:00,100.43435629649417
2011-03-26 12:00:00,110.97972080496397
2011-03-26 13:00:00,122.82512967158024
2011-03-26 14:00:00,129.1578033430192
2011-03-26 15:00:00,131.62098105245224
2011-03-26 16:00:00,138.48794844704474
2011-03-26 17:00:00,131.4284522624838
2011-03-26 18:00:00,117.1114684673847
2011-03-26 19:00:00,67.56787508294936
2011-03-26 20:00:00,57.37263424667219
2011-03-26 21:00:00,53.94391014429967
2011-03-26 22:00:00,46.684983678277874
2011-03-26 23:00:00,33.09263780338188
2011-03-27 00:00:00,34.18389123398204
2011-03-27 01:00:00,25.694005778896333
2011-03-27 02:00:00,19.219857951161245
2011-03-27 03:00:00,9.150060216574099
2011-03-27 04:00:00,4.085142504091094
2011-03-27 06:00:00,5.418228597247236
2011-03-27 07:00:00,19.589381292758592
2011-03-27 08:00:00,36.83385005332971
2011-03-27 09:00:00,59.339722130478606
2011-03-27 10:00:00,82.9665413728088
2011-03-27 11:00:00,90.98905940013461
2011-03-27 12:00:00,97.30520367532658
2011-03-27 13:00:00,110.8183148327177
2011-03-27 14:00:00,123.19372061054642
2011-03-27 15:00:00,121.66133948703641
2011-03-27 16:00:00,142.75629429619966
2011-03-27 17:00:00,128.45058568232756
2011-03-27 18:00:00,93.9923116222398
2011-03-27 19:00:00,65.46256270941454
2011-03-27 20:00:00,51.67624428107392
2011-03-27 21:00:00,42.847715063467675
2011-03-27 22:00:00,38.86712435701313
2011-03-27 23:00:00,31.273915061119173
2011-03-28 00:00:00,10.812049195944844
2011-03-28 01:00:00,3.920456514205534
2011-03-28 02:00:00,2.9286665316771927
2011-03-28 03:00:00,2.1068089962989496
2011-03-28 05:00:00,5.369533034904021
2011-03-28 06:00:00,39.16307046374794
2011-03-28 07:00:00,105.94060959075173
2011-03-28 08:00:00,199.20557617005178
2011-03-28 09:00:00,127.22590309592076
2011-03-28 10:00:00,67.7040644832105
2011-03-28 11:00:00,68.75651989526064
2011-03-28 12:00:00,72.47070159958315
2011-03-28 13:00:00,76.3221735243235
2011-03-28 14:00:00,83.38689993531975
2011-03-28 15:00:00,83.44508862093836
2011-03-28 16:00:00,112.64840520896392
2011-03-28 17:00:00,194.19764035517548
2011-03-28 18:00:00,190.38625665457226
2011-03-28 19:00:00,126.55998964449317
2011-03-28 20:00:00,92.26476264167323
2011-03-28 21:00:00,65.32746862677608
2011-03-28 22:00:00,47.80686416157451
2011-03-28 23:00:00,27.2815304393638
2011-03-29 00:00:00,11.699700854651676
2011-03-29 01:00:00,2.725430335078247
2011-03-29 02:00:00,3.2069019093621955
2011-03-29 03:00:00,2.3027397363573376
2011-03-29 04:00:00,1.7426402117025588
2011-03-29 05:00:00,5.170183451375261
2011-03-29 06:00:00,41.015067015194774
2011-03-29 07:00:00,111.87144079056755
2011-03-29 08:00:00,209.74843244824334
2011-03-29 09:00:00,136.84706048039578
2011-03-29 10:00:00,73.16796521018102
2011-03-29 11:00:00,81.2758428933368
2011-03-29 12:00:00,87.24206338073014
2011-03-29 13:00:00,84.52498971987094
2011-03-29 14:00:00,89.60424396066853
2011-03-29 15:00:00,96.50580097380865
2011-03-29 16:00:00,118.93663803096777
2011-03-29 17:00:00,174.28384843901873
2011-03-29 18:00:00,191.8127397751889
2011-03-29 19:00:00,138.9064617895047
2011-03-29 20:00:00,98.96997722116757
2011-03-29 21:00:00,74.26273063399566
2011-03-29 22:00:00,54.45706572896159
2011-03-29 23:00:00,27.06459735124943
2011-03-30 00:00:00,15.23743120448992
2011-03-30 01:00:00,8.450815634614042
2011-03-30 02:00:00,3.6609959218271517
2011-03-30 03:00:00,2.7788519611437827
2011-03-30 04:00:00,2.751405987008717
2011-03-30 05:00:00,7.23290139349055
2011-03-30 06:00:00,42.69314360434879
2011-03-30 07:00:00,125.4140117347605
2011-03-30 08:00:00,199.71282498897756
2011-03-30 09:00:00,134.87801801002874
2011-03-30 10:00:00,83.50730558434984
2011-03-30 11:00:00,83.39483164801644
2011-03-30 12:00:00,87.80965374106634
2011-03-30 13:00:00,90.33851375535077
2011-03-30 14:00:00,89.17773780267359
2011-03-30 15:00:00,36.34322994953628
2011-03-30 16:00:00,57.05412408213654
2011-03-30 17:00:00,101.4490375098607
2011-03-30 18:00:00,130.3713326838122
2011-03-30 19:00:00,91.60111492234323
2011-03-30 20:00:00,54.39715196140718
2011-03-30 21:00:00,58.01284171515484
2011-03-30 22:00:00,32.49154862751378
2011-03-30 23:00:00,22.97490690006933
2011-03-31 00:00:00,6.560998444783513
2011-03-31 01:00:00,4.349249796505657
2011-03-31 02:00:00,3.422421646927775
2011-03-31 03:00:00,2.244029014641599
2011-03-31 04:00:00,2.0576244929897745
2011-03-31 05:00:00,6.455522156794955
2011-03-31 06:00:00,26.280627545157294
2011-03-31 07:00:00,64.36312167912968
2011-03-31 08:00:00,181.26376640815946
2011-03-31 09:00:00,69.94918365418516
2011-03-31 10:00:00,33.99150900064777
2011-03-31 11:00:00,36.48816189047939
2011-03-31 12:00:00,38.21083314239757
2011-03-31 13:00:00,39.212225388853085
2011-03-31 14:00:00,38.441081487625674
2011-03-31 15:00:00,30.410007791058643
2011-03-31 16:00:00,81.25929469781543
2011-03-31 17:00:00,150.5817406578887
2011-03-31 18:00:00,149.41123987188084
2011-03-31 19:00:00,112.44969743429938
2011-03-31 20:00:00,50.4789607718951
2011-03-31 21:00:00,57.71255300455564
2011-03-31 22:00:00,34.002252925892655
2011-03-31 23:00:00,30.279617754404246
2011-04-20 00:00:00,27.274274423655275
2011-04-20 01:00:00,6.33870124519666
2011-04-20 02:00:00,6.498752763384096
2011-04-20 03:00:00,3.2286828667523957
2011-04-20 04:00:00,3.122858073299717
2011-04-20 05:00:00,11.25935753165494
2011-04-20 06:00:00,46.664556581087304
2011-04-20 07:00:00,93.61860506443261
2011-04-20 08:00:00,267.7191632869447
2011-04-20 09:00:00,153.4185479272217
2011-04-20 10:00:00,120.2355893742585
2011-04-20 11:00:00,120.56068007643297
2011-04-20 12:00:00,132.69705686128145
2011-04-20 13:00:00,132.69705686128145
2011-04-20 14:00:00,132.97721330061464
2011-04-20 15:00:00,134.44260436715837
2011-04-20 16:00:00,207.80821276905243
2011-04-20 17:00:00,332.5232575090962
2011-04-20 18:00:00,335.2154764138551
2011-04-20 19:00:00,284.9324254573049
2011-04-20 20:00:00,163.33638459670772
2011-04-20 21:00:00,133.56501570755393
2011-04-20 22:00:00,114.80090529244399
2011-04-20 23:00:00,64.42260031569867
2011-04-21 00:00:00,30.13408198162886
2011-04-21 01:00:00,14.59177611824785
2011-04-21 02:00:00,10.185290802643816
2011-04-21 03:00:00,3.653986249448823
2011-04-21 04:00:00,3.496484217642238
2011-04-21 05:00:00,5.910505282592456
2011-04-21 06:00:00,44.629415705695365
2011-04-21 07:00:00,129.98274824848633
2011-04-21 08:00:00,144.06027409547445
2011-04-21 09:00:00,130.36532984801906
2011-04-21 10:00:00,121.11682514982114
2011-04-21 11:00:00,129.5360518598828
2011-04-21 12:00:00,138.12396173322955
2011-04-21 13:00:00,127.1464140846108
2011-04-21 14:00:00,127.2740762139348
2011-04-21 15:00:00,128.47556908241395
2011-04-21 16:00:00,191.60551469596268
2011-04-21 17:00:00,306.0817054069682
2011-04-21 18:00:00,298.8256035931744
2011-04-21 19:00:00,223.71813407414228
2011-04-21 20:00:00,149.34393951863194
2011-04-21 21:00:00,108.71831552903716
2011-04-21 22:00:00,76.8129671855953
2011-04-21 23:00:00,41.64305694061138
2011-04-22 00:00:00,28.02904716227685
2011-04-22 01:00:00,15.40515043555912
2011-04-22 02:00:00,8.645841526001657
2011-04-22 03:00:00,4.107437315480647
2011-04-22 04:00:00,3.2773000229837947
2011-04-22 05:00:00,6.911232859738145
2011-04-22 06:00:00,46.45468569835003
2011-04-22 07:00:00,114.89844886803095
2011-04-22 08:00:00,178.26609801142308
2011-04-22 09:00:00,75.48525209846775
2011-04-22 10:00:00,104.95360650590936
2011-04-22 11:00:00,69.14473153448355
2011-04-22 12:00:00,72.89297700304432
2011-04-22 13:00:00,49.781683787103276
2011-04-22 14:00:00,28.310043811194987
2011-04-22 15:00:00,51.46331802690944
2011-04-22 16:00:00,90.04886884299978
2011-04-22 17:00:00,104.64608542490721
2011-04-22 18:00:00,89.87236293468325
2011-04-22 19:00:00,71.53477053667677
2011-04-22 20:00:00,60.434235349452216
2011-04-22 21:00:00,52.79936939515938
2011-04-22 22:00:00,40.70053859624259
2011-04-22 23:00:00,39.72047817562273
2011-04-23 00:00:00,28.078954900659852
2011-04-23 01:00:00,25.249608258374685
2011-04-23 02:00:00,19.90069260304208
2011-04-23 03:00:00,13.867113266056746
2011-04-23 04:00:00,5.354765153037519
2011-04-23 05:00:00,5.234615070000757
2011-04-23 06:00:00,12.155753729531742
2011-04-23 07:00:00,34.306744571783966
2011-04-23 08:00:00,37.05114071309228
2011-04-23 09:00:00,65.07127038435974
2011-04-23 10:00:00,100.93925458687451
2011-04-23 11:00:00,98.503382862838
2011-04-23 12:00:00,113.99300623742637
2011-04-23 13:00:00,118.12693470525642
2011-04-23 14:00:00,152.74436436284125
2011-04-23 15:00:00,174.97815567591735
2011-04-23 16:00:00,229.05519561033643
2011-04-23 17:00:00,251.51111576997704
2011-04-23 18:00:00,220.9275482264276
2011-04-23 19:00:00,145.52010074868502
2011-04-23 20:00:00,105.26470836171046
2011-04-23 21:00:00,108.08391291203604
2011-04-23 22:00:00,96.12879651826948
2011-04-23 23:00:00,68.52571656200878
2011-04-24 00:00:00,36.55601142212558
2011-04-24 01:00:00,29.680745042995515
2011-04-24 02:00:00,30.269812114340183
2011-04-24 03:00:00,19.994523998241092
2011-04-24 04:00:00,6.9572580609432
2011-04-24 05:00:00,7.2560394216072
2011-04-24 06:00:00,7.897321083617564
2011-04-24 07:00:00,44.13149982027228
2011-04-24 08:00:00,76.34629332242632
2011-04-24 09:00:00,123.59521107013624
2011-04-24 10:00:00,220.88013041479803
2011-04-24 11:00:00,274.3719933329095
2011-04-24 12:00:00,282.9629090347819
2011-04-24 13:00:00,286.393028982987
2011-04-24 14:00:00,288.9519317923742
2011-04-24 15:00:00,284.53105025854103
2011-04-24 16:00:00,287.728923712338
2011-04-24 17:00:00,297.4524551277914
2011-04-24 18:00:00,286.1522404513787
2011-04-24 19:00:00,128.19942887862808
2011-04-24 20:00:00,98.17224230497641
2011-04-24 21:00:00,65.9804343473976
2011-04-24 22:00:00,36.14317667716381
2011-04-24 23:00:00,44.19235302278228
2011-04-25 00:00:00,19.444377638780637
2011-04-25 01:00:00,6.660059465560428
2011-04-25 02:00:00,6.739210522289095
2011-04-25 03:00:00,3.4385153977294083
2011-04-25 04:00:00,3.4656507634678317
2011-04-25 05:00:00,12.007682316180372
2011-04-25 06:00:00,53.54176510691902
2011-04-25 07:00:00,111.53491814538249
2011-04-25 08:00:00,249.20482880641157
2011-04-25 09:00:00,138.8881127822327
2011-04-25 10:00:00,112.54414791790205
2011-04-25 11:00:00,113.17000707470415
2011-04-25 12:00:00,120.2480513407339
2011-04-25 13:00:00,131.05009931720963
2011-04-25 14:00:00,134.73203033445606
2011-04-25 15:00:00,136.70494150528137
2011-04-25 16:00:00,212.38029269593858
2011-04-25 17:00:00,345.7286858094583
2011-04-25 18:00:00,345.3522158431822
2011-04-25 19:00:00,288.68286783430193
2011-04-25 20:00:00,169.35143079303398
2011-04-25 21:00:00,144.2763880419895
2011-04-25 22:00:00,96.01220936411768
2011-04-25 23:00:00,52.809373843753285
2011-04-26 00:00:00,27.629713565623558
2011-04-26 01:00:00,11.13466819724951
2011-04-26 02:00:00,5.691842304381545
2011-04-26 03:00:00,3.392279003576495
2011-04-26 04:00:00,3.7725069636863537
2011-04-26 05:00:00,7.796720569777943
2011-04-26 06:00:00,51.31164473886619
2011-04-26 07:00:00,168.44425647067166
2011-04-26 08:00:00,233.9671265202369
2011-04-26 09:00:00,132.48246575280223
2011-04-26 10:00:00,117.51957913472243
2011-04-26 11:00:00,121.15497075518343
2011-04-26 12:00:00,132.0361410750474
2011-04-26 13:00:00,132.76435795664682
2011-04-26 14:00:00,133.1313924745577
2011-04-26 15:00:00,133.96755354336264
2011-04-26 16:00:00,212.15360199597254
2011-04-26 17:00:00,344.15022014224826
2011-04-26 18:00:00,333.7948042056804
2011-04-26 19:00:00,247.3186421398229
2011-04-26 20:00:00,157.35544837730384
2011-04-26 21:00:00,132.19943396040475
2011-04-26 22:00:00,113.42653210888236
2011-04-26 23:00:00,54.32372069803405
2011-04-27 00:00:00,25.566850478211364
2011-04-27 01:00:00,11.261519408283784
2011-04-27 02:00:00,6.315830378924573
2011-04-27 03:00:00,2.79354987430254
2011-04-27 04:00:00,3.437912410061787
2011-04-27 05:00:00,7.323850080199155
2011-04-27 06:00:00,50.06788300293643
2011-04-27 07:00:00,180.05955429808296
2011-04-27 08:00:00,225.0906107836992
2011-04-27 09:00:00,128.78211188116788
2011-04-27 10:00:00,93.6329190325958
2011-04-27 11:00:00,94.34505975819145
2011-04-27 12:00:00,94.90427734213284
2011-04-27 13:00:00,96.25617222004986
2011-04-27 14:00:00,115.22042579785945
2011-04-27 15:00:00,130.02575563368143
2011-04-27 16:00:00,201.33467328670548
2011-04-27 17:00:00,161.19968243293147
2011-04-27 18:00:00,165.90505952717936
2011-04-27 19:00:00,208.00252435285012
2011-04-27 20:00:00,130.98309984366347
2011-04-27 21:00:00,106.68560313450259
2011-04-27 22:00:00,87.94181157616293
2011-04-27 23:00:00,55.21897992914839
2011-04-28 00:00:00,32.001830698437914
2011-04-28 01:00:00,11.949741455255817
2011-04-28 02:00:00,6.767192272246104
2011-04-28 03:00:00,3.6810557564267716
2011-04-28 04:00:00,3.2236039568747445
2011-04-28 05:00:00,6.30561223299469
2011-04-28 06:00:00,51.83878016423199
2011-04-28 07:00:00,153.3461612892004
2011-04-28 08:00:00,219.8457219430199
2011-04-28 09:00:00,111.0302409912513
2011-04-28 10:00:00,105.93931462036541
2011-04-28 11:00:00,93.95355210829516
2011-04-28 12:00:00,100.07074023832072
2011-04-28 13:00:00,94.89897260571821
2011-04-28 14:00:00,93.82059842979604
2011-04-28 15:00:00,127.86425185491971
2011-04-28 16:00:00,169.21037426108668
2011-04-28 17:00:00,330.742165825133
2011-04-28 18:00:00,330.2521636313204
2011-04-28 19:00:00,277.0684973344547
2011-04-28 20:00:00,162.90247471844924
2011-04-28 21:00:00,135.90169558737298
2011-04-28 22:00:00,105.5524409797304
2011-04-28 23:00:00,66.07809830001916
2011-04-29 00:00:00,42.01533090302764
2011-04-29 01:00:00,20.29460551671624
2011-04-29 02:00:00,12.834889717312315
2011-04-29 03:00:00,5.137587171687845
2011-04-29 04:00:00,3.9501837450413144
2011-04-29 05:00:00,11.002664854074368
2011-04-29 06:00:00,47.616487335827316
2011-04-29 07:00:00,192.07771258085592
2011-04-29 08:00:00,265.33727476700835
2011-04-29 09:00:00,173.078355107318
2011-04-29 10:00:00,160.65096583079492
2011-04-29 11:00:00,162.6196917498056
2011-04-29 12:00:00,172.68756313703366
2011-04-29 13:00:00,172.70767425075366
2011-04-29 14:00:00,179.87695135437266
2011-04-29 15:00:00,171.83693784223755
2011-04-29 16:00:00,223.04589668659412
2011-04-29 17:00:00,305.9391350781616
2011-04-29 18:00:00,308.18928782996886
2011-04-29 19:00:00,212.1425900083766
2011-04-29 20:00:00,149.12273781795034
2011-04-29 21:00:00,119.01638033268148
2011-04-29 22:00:00,88.478545877993
2011-04-29 23:00:00,47.776085555893175
2011-04-30 00:00:00,34.25319547000648
2011-04-30 01:00:00,27.936027459505183
2011-04-30 02:00:00,24.86956233225236
2011-04-30 03:00:00,13.773235818337401
2011-04-30 04:00:00,4.872699553310186
2011-04-30 05:00:00,4.830320538249696
2011-04-30 06:00:00,18.864443799944876
2011-04-30 07:00:00,38.52860938157615
2011-04-30 08:00:00,92.59991752199994
2011-04-30 09:00:00,149.61866904919816
2011-04-30 10:00:00,192.15601084741238
2011-04-30 11:00:00,221.26553488339698
2011-04-30 12:00:00,229.37230576157202
2011-04-30 13:00:00,230.62699889029338
2011-04-30 14:00:00,230.0699667783772
2011-04-30 15:00:00,237.9060087178711
2011-04-30 16:00:00,266.52228162883955
2011-04-30 17:00:00,293.75108908236234
2011-04-30 18:00:00,283.83061458996883
2011-04-30 19:00:00,231.04627279432853
2011-04-30 20:00:00,129.7458869220336
2011-04-30 21:00:00,103.18861329063056
2011-04-30 22:00:00,79.49228869393323
2011-04-30 23:00:00,53.935632328103864
2011-05-20 00:00:00,33.71811772199273
2011-05-20 01:00:00,13.677479950336997
2011-05-20 02:00:00,11.03618963553878
2011-05-20 03:00:00,4.881560624544058
2011-05-20 04:00:00,4.914506904453267
2011-05-20 05:00:00,22.084759831093876
2011-05-20 06:00:00,87.18808413387487
2011-05-20 07:00:00,266.21156316338437
2011-05-20 08:00:00,393.1564665094069
2011-05-20 09:00:00,202.93125168977818
2011-05-20 10:00:00,177.10142128901154
2011-05-20 11:00:00,179.95526932415697
2011-05-20 12:00:00,220.0152788245381
2011-05-20 13:00:00,200.14374425201044
2011-05-20 14:00:00,220.1278690750168
2011-05-20 15:00:00,220.28536526481383
2011-05-20 16:00:00,343.1480232470833
2011-05-20 17:00:00,502.9902206494951
2011-05-20 18:00:00,503.1578754163008
2011-05-20 19:00:00,344.21796333063645
2011-05-20 20:00:00,215.6235153915411
2011-05-20 21:00:00,180.87717479071188
2011-05-20 22:00:00,138.28263548052408
2011-05-20 23:00:00,116.28855267661993
2011-05-21 00:00:00,98.2522765742586
2011-05-21 01:00:00,73.69636128211302
2011-05-21 02:00:00,57.49894062678677
2011-05-21 03:00:00,27.298950233929087
2011-05-21 04:00:00,7.0892926606568665
2011-05-21 05:00:00,8.793006704210915
2011-05-21 06:00:00,18.685377964250335
2011-05-21 07:00:00,46.885420505324355
2011-05-21 08:00:00,124.56316931944289
2011-05-21 09:00:00,200.76515764583144
2011-05-21 10:00:00,269.38755534528264
2011-05-21 11:00:00,361.4931951604132
2011-05-21 12:00:00,375.0691820209033
2011-05-21 13:00:00,375.4593742121433
2011-05-21 14:00:00,375.27567566302304
2011-05-21 15:00:00,375.3225040321893
2011-05-21 16:00:00,391.96493532419134
2011-05-21 17:00:00,352.6401043241296
2011-05-21 18:00:00,344.7898850240928
2011-05-21 19:00:00,333.81316146504514
2011-05-21 20:00:00,216.55890077077828
2011-05-21 21:00:00,190.34900175686926
2011-05-21 22:00:00,138.49013091970434
2011-05-21 23:00:00,118.09449573883464
2011-05-22 00:00:00,108.35314623338533
2011-05-22 01:00:00,65.04456531949592
2011-05-22 02:00:00,59.610757871494734
2011-05-22 03:00:00,29.537871750651547
2011-05-22 04:00:00,10.47713240661511
2011-05-22 05:00:00,11.023907450036498
2011-05-22 06:00:00,8.893646397961414
2011-05-22 07:00:00,49.875921763738866
2011-05-22 08:00:00,101.78039543864692
2011-05-22 09:00:00,185.61568206151694
2011-05-22 10:00:00,268.49634738822505
2011-05-22 11:00:00,361.31631160118104
2011-05-22 12:00:00,373.6782139027175
2011-05-22 13:00:00,374.1806667500936
2011-05-22 14:00:00,327.67121812248826
2011-05-22 15:00:00,369.27269645460285
2011-05-22 16:00:00,375.47170762930153
2011-05-22 17:00:00,352.22852455050236
2011-05-22 18:00:00,343.69995257851605
2011-05-22 19:00:00,330.1475225218651
2011-05-22 20:00:00,216.34226486520413
2011-05-22 21:00:00,177.68619549348415
2011-05-22 22:00:00,129.67776772126751
2011-05-22 23:00:00,85.6965460442833
2011-05-23 00:00:00,27.71595661097701
2011-05-23 01:00:00,15.09782413858275
2011-05-23 02:00:00,6.259262234777695
2011-05-23 03:00:00,3.8178647838713666
2011-05-23 04:00:00,4.881871607285085
2011-05-23 05:00:00,18.53534882156767
2011-05-23 06:00:00,87.70214243029187
2011-05-23 07:00:00,190.16080151812912
2011-05-23 08:00:00,353.7803582028235
2011-05-23 09:00:00,192.50713617998167
2011-05-23 10:00:00,142.1873552880088
2011-05-23 11:00:00,144.59325430492456
2011-05-23 12:00:00,165.70681094183024
2011-05-23 13:00:00,165.82386021406708
2011-05-23 14:00:00,165.62454032929531
2011-05-23 15:00:00,165.54318729373014
2011-05-23 16:00:00,286.20982595489255
2011-05-23 17:00:00,458.0766633734363
2011-05-23 18:00:00,464.946188414355
2011-05-23 19:00:00,350.1001229393372
2011-05-23 20:00:00,222.13927862767372
2011-05-23 21:00:00,130.2897442643413
2011-05-23 22:00:00,111.38222580056944
2011-05-23 23:00:00,62.55251381830731
2011-05-24 00:00:00,22.496466258454014
2011-05-24 01:00:00,11.070264899164018
2011-05-24 02:00:00,6.687172968297103
2011-05-24 03:00:00,4.3210773455966205
2011-05-24 04:00:00,4.914801502018008
2011-05-24 05:00:00,18.181610779976754
2011-05-24 06:00:00,105.27262887625058
2011-05-24 07:00:00,154.36342929416676
2011-05-24 08:00:00,272.4948889701575
2011-05-24 09:00:00,195.0141549057072
2011-05-24 10:00:00,142.70846209999985
2011-05-24 11:00:00,144.9050653540975
2011-05-24 12:00:00,165.82386021406708
2011-05-24 13:00:00,165.70595088114572
2011-05-24 14:00:00,165.50677187355194
2011-05-24 15:00:00,163.3160902576073
2011-05-24 16:00:00,286.50579114714066
2011-05-24 17:00:00,506.8584639238742
2011-05-24 18:00:00,499.83446463570823
2011-05-24 19:00:00,346.00495541050503
2011-05-24 20:00:00,276.29607468592695
2011-05-24 21:00:00,197.18279301450664
2011-05-24 22:00:00,51.921037467408766
2011-05-24 23:00:00,73.86887137413551
2011-05-25 00:00:00,26.28192133405507
2011-05-25 01:00:00,12.015296139210573
2011-05-25 02:00:00,6.829444191697854
2011-05-25 03:00:00,4.548424587641362
2011-05-25 04:00:00,4.64726289902469
2011-05-25 05:00:00,22.701948542758046
2011-05-25 06:00:00,103.0236807131791
2011-05-25 07:00:00,293.5966706669808
2011-05-25 08:00:00,427.1807001851014
2011-05-25 09:00:00,193.97864699660295
2011-05-25 10:00:00,142.70846209999985
2011-05-25 11:00:00,144.9050653540975
2011-05-25 12:00:00,165.82386021406708
2011-05-25 13:00:00,165.82386021406708
2011-05-25 14:00:00,165.62454032929531
2011-05-25 15:00:00,165.42547633744846
2011-05-25 16:00:00,286.4594757219998
2011-05-25 17:00:00,507.1506222959748
2011-05-25 18:00:00,506.01432656219635
2011-05-25 19:00:00,370.56383474739897
2011-05-25 20:00:00,287.9788056928528
2011-05-25 21:00:00,208.71060985339562
2011-05-25 22:00:00,147.7604657706789
2011-05-25 23:00:00,80.49104511550894
2011-05-26 00:00:00,44.58016071456241
2011-05-26 01:00:00,19.10066141534418
2011-05-26 02:00:00,9.006309039031152
2011-05-26 03:00:00,4.888362573608025
2011-05-26 04:00:00,5.006599018312437
2011-05-26 05:00:00,20.339702826566015
2011-05-26 06:00:00,89.76382812837318
2011-05-26 07:00:00,190.9784274006339
2011-05-26 08:00:00,414.5797410975824
2011-05-26 09:00:00,194.03179468233293
2011-05-26 10:00:00,142.1873552880088
2011-05-26 11:00:00,144.94510076305946
2011-05-26 12:00:00,165.70595088114572
2011-05-26 13:00:00,164.2591049076046
2011-05-26 14:00:00,164.2367424418125
2011-05-26 15:00:00,164.48638048074923
2011-05-26 16:00:00,285.44768520017254
2011-05-26 17:00:00,506.7770488029735
2011-05-26 18:00:00,506.02604411469
2011-05-26 19:00:00,368.89978914385847
2011-05-26 20:00:00,286.90698548173305
2011-05-26 21:00:00,207.23323154205653
2011-05-26 22:00:00,154.6729269043405
2011-05-26 23:00:00,116.89506281316548
2011-05-27 00:00:00,63.72715632767617
2011-05-27 01:00:00,24.53395847401246
2011-05-27 02:00:00,15.601889859621787
2011-05-27 03:00:00,5.304275178747144
2011-05-27 04:00:00,5.243178581154629
2011-05-27 05:00:00,25.734155091473532
2011-05-27 06:00:00,102.43400877147265
2011-05-27 07:00:00,271.9014737009972
2011-05-27 08:00:00,406.1217354085004
2011-05-27 09:00:00,205.93813895531807
2011-05-27 10:00:00,177.47095074690958
2011-05-27 11:00:00,180.07883357387445
2011-05-27 12:00:00,219.35375200546912
2011-05-27 13:00:00,219.91731108084707
2011-05-27 14:00:00,219.80482803882364
2011-05-27 15:00:00,219.96331438225917
2011-05-27 16:00:00,337.8973211813777
2011-05-27 17:00:00,503.14605050666944
2011-05-27 18:00:00,495.51872796836795
2011-05-27 19:00:00,300.46269509648823
2011-05-27 20:00:00,216.43681715419459
2011-05-27 21:00:00,168.40807053614395
2011-05-27 22:00:00,141.43594478135554
2011-05-27 23:00:00,107.4725234807852
2011-05-28 00:00:00,106.47444352987642
2011-05-28 01:00:00,82.70801493409748
2011-05-28 02:00:00,56.703908723998595
2011-05-28 03:00:00,29.719650800230216
2011-05-28 04:00:00,7.545573538479186
2011-05-28 05:00:00,8.894235165145677
2011-05-28 06:00:00,17.868646919046203
2011-05-28 07:00:00,43.034345885103434
2011-05-28 08:00:00,117.90726380277827
2011-05-28 09:00:00,200.3755391495863
2011-05-28 10:00:00,271.9056787978546
2011-05-28 11:00:00,356.52871405155634
2011-05-28 12:00:00,372.7614154253467
2011-05-28 13:00:00,370.49132080373374
2011-05-28 14:00:00,372.5988240075417
2011-05-28 15:00:00,373.6236133250194
2011-05-28 16:00:00,386.3201488337629
2011-05-28 17:00:00,352.5951562798636
2011-05-28 18:00:00,343.0050498586862
2011-05-28 19:00:00,330.9929881099799
2011-05-28 20:00:00,265.20277102730665
2011-05-28 21:00:00,204.07567673867104
2011-05-28 22:00:00,158.59260669615165
2011-05-28 23:00:00,136.0176967501726
2011-05-29 00:00:00,113.15607957585527
2011-05-29 01:00:00,85.96042340387658
2011-05-29 02:00:00,61.27096021900745
2011-05-29 03:00:00,29.553169626264733
2011-05-29 04:00:00,9.764953102498195
2011-05-29 05:00:00,10.630858601124519
2011-05-29 06:00:00,11.942377435001804
2011-05-29 07:00:00,41.31720011410241
2011-05-29 08:00:00,81.88745901868154
2011-05-29 09:00:00,87.55627008341227
2011-05-29 10:00:00,228.99456321571378
2011-05-29 11:00:00,242.6374708658897
2011-05-29 12:00:00,306.92626839980664
2011-05-29 13:00:00,354.85693366254316
2011-05-29 14:00:00,354.4395414045484
2011-05-29 15:00:00,353.8896310087981
2011-05-29 16:00:00,354.68320437617115
2011-05-29 17:00:00,343.3936455947462
2011-05-29 18:00:00,267.5530553691468
2011-05-29 19:00:00,265.6123423267139
2011-05-29 20:00:00,224.41168722115148
2011-05-29 21:00:00,171.6696738278065
2011-05-29 22:00:00,117.04737517281237
2011-05-29 23:00:00,97.02920229847422
2011-05-30 00:00:00,86.63915449969511
2011-05-30 01:00:00,73.57137561009245
2011-05-30 02:00:00,49.33347487628391
2011-05-30 03:00:00,15.940448977196064
2011-05-30 04:00:00,8.999102863153459
2011-05-30 05:00:00,7.367534390653908
2011-05-30 06:00:00,14.734693979708572
2011-05-30 07:00:00,83.77129972302453
2011-05-30 08:00:00,143.1513300898149
2011-05-30 09:00:00,219.3613234164775
2011-05-30 10:00:00,281.23613679826
2011-05-30 11:00:00,366.86594209162587
2011-05-30 12:00:00,383.8861941965944
2011-05-30 13:00:00,384.90918235635144
2011-05-30 14:00:00,384.8711850093425
2011-05-30 15:00:00,379.4135284014967
2011-05-30 16:00:00,324.8951694156925
2011-05-30 17:00:00,493.3374271492786
2011-05-30 18:00:00,492.2839027642755
2011-05-30 19:00:00,316.5301701304238
2011-05-30 20:00:00,302.03563634476046
2011-05-30 21:00:00,314.67102856942427
2011-05-30 22:00:00,169.51562953013848
2011-05-30 23:00:00,80.73513430505649
2011-05-31 00:00:00,32.856499744631606
2011-05-31 01:00:00,16.90829411038092
2011-05-31 02:00:00,6.95997006255062
2011-05-31 03:00:00,4.23474082966745
2011-05-31 04:00:00,5.19578198891412
2011-05-31 05:00:00,22.439153721836515
2011-05-31 06:00:00,109.23027307774879
2011-05-31 07:00:00,293.62017929033993
2011-05-31 08:00:00,432.5219467379389
2011-05-31 09:00:00,188.92833301959502
2011-05-31 10:00:00,142.51250145297234
2011-05-31 11:00:00,144.48326390520901
2011-05-31 12:00:00,163.411323875746
2011-05-31 13:00:00,163.15834463121408
2011-05-31 14:00:00,162.95483185599159
2011-05-31 15:00:00,162.9929924989463
2011-05-31 16:00:00,264.99481002234245
2011-05-31 17:00:00,508.1659716771245
2011-05-31 18:00:00,507.41291276525436
2011-05-31 19:00:00,370.7122409176311
2011-05-31 20:00:00,285.755711696159
2011-05-31 21:00:00,208.90623519137358
2011-05-31 22:00:00,148.08358359308986
2011-05-31 23:00:00,73.40404224986385
2011-06-20 00:00:00,31.101093314894893
2011-06-20 01:00:00,15.14307995469917
2011-06-20 02:00:00,7.388404493561776
2011-06-20 03:00:00,3.7258970753125022
2011-06-20 04:00:00,4.412276452913353
2011-06-20 05:00:00,17.72067584145585
2011-06-20 06:00:00,79.36135778077306
2011-06-20 07:00:00,148.34125371751233
2011-06-20 08:00:00,271.78153452873903
2011-06-20 09:00:00,195.00201982167962
2011-06-20 10:00:00,143.2014937684965
2011-06-20 11:00:00,144.50061529554677
2011-06-20 12:00:00,165.51910154537995
2011-06-20 13:00:00,165.79801672707276
2011-06-20 14:00:00,165.62454032929531
2011-06-20 15:00:00,165.54318729373014
2011-06-20 16:00:00,286.4883591985292
2011-06-20 17:00:00,507.8556518273596
2011-06-20 18:00:00,507.84094996118375
2011-06-20 19:00:00,368.24156809589755
2011-06-20 20:00:00,284.85267761361536
2011-06-20 21:00:00,197.6351986664743
2011-06-20 22:00:00,127.61923272112803
2011-06-20 23:00:00,77.72256128583597
2011-06-21 00:00:00,31.7186740804005
2011-06-21 01:00:00,11.6124629755601
2011-06-21 02:00:00,6.216005182928099
2011-06-21 03:00:00,4.359417627131243
2011-06-21 04:00:00,4.860633615232022
2011-06-21 05:00:00,20.74205651824383
2011-06-21 06:00:00,113.97723503983717
2011-06-21 07:00:00,151.5619932176878
2011-06-21 08:00:00,344.740177151374
2011-06-21 09:00:00,189.57840047150577
2011-06-21 10:00:00,138.01578196058932
2011-06-21 11:00:00,138.10128964776436
2011-06-21 12:00:00,163.41747362988636
2011-06-21 13:00:00,165.70595088114572
2011-06-21 14:00:00,165.50677187355194
2011-06-21 15:00:00,165.42547633744846
2011-06-21 16:00:00,285.44060382311756
2011-06-21 17:00:00,507.1190734344102
2011-06-21 18:00:00,491.6034760775537
2011-06-21 19:00:00,348.56863619674436
2011-06-21 20:00:00,215.53037249554154
2011-06-21 21:00:00,213.47969221545162
2011-06-21 22:00:00,158.2532035516515
2011-06-21 23:00:00,78.10363562315327
2011-06-22 00:00:00,34.68276509172567
2011-06-22 01:00:00,17.23432441742126
2011-06-22 02:00:00,7.783108485901906
2011-06-22 03:00:00,5.3491931744051655
2011-06-22 04:00:00,5.298560254550779
2011-06-22 05:00:00,24.33787199323459
2011-06-22 06:00:00,110.6048572610115
2011-06-22 07:00:00,304.8284932817018
2011-06-22 08:00:00,431.1311416411112
2011-06-22 09:00:00,189.7817756315934
2011-06-22 10:00:00,142.68278200442035
2011-06-22 11:00:00,144.5672374049338
2011-06-22 12:00:00,164.2591049076046
2011-06-22 13:00:00,163.3845554229603
2011-06-22 14:00:00,164.2367424418125
2011-06-22 15:00:00,163.29628168746038
2011-06-22 16:00:00,269.26746289166346
2011-06-22 17:00:00,501.5314051087796
2011-06-22 18:00:00,500.4076747291241
2011-06-22 19:00:00,370.73970338136536
2011-06-22 20:00:00,279.4454218732058
2011-06-22 21:00:00,200.85230886169637
2011-06-22 22:00:00,162.49144123360753
2011-06-22 23:00:00,94.08062020865066
2011-06-23 00:00:00,41.90291066811815
2011-06-23 01:00:00,19.63314535762115
2011-06-23 02:00:00,8.989897778969263
2011-06-23 03:00:00,5.182755524957852
2011-06-23 04:00:00,5.476162495719608
2011-06-23 05:00:00,25.0074733570985
2011-06-23 06:00:00,118.4831446489286
2011-06-23 07:00:00,306.09716001408543
2011-06-23 08:00:00,431.46403962471425
2011-06-23 09:00:00,194.03167366870008
2011-06-23 10:00:00,142.68278200442035
2011-06-23 11:00:00,139.8354409925131
2011-06-23 12:00:00,165.70595088114572
2011-06-23 13:00:00,165.70595088114572
2011-06-23 14:00:00,165.50677187355194
2011-06-23 15:00:00,165.42547633744846
2011-06-23 16:00:00,286.4594757219998
2011-06-23 17:00:00,483.6952946779447
2011-06-23 18:00:00,489.7979479851123
2011-06-23 19:00:00,360.33215689581925
2011-06-23 20:00:00,278.72924869528345
2011-06-23 21:00:00,211.40109878198908
2011-06-23 22:00:00,161.4875737766772
2011-06-23 23:00:00,121.88555427677406
2011-06-24 00:00:00,59.617372543404855
2011-06-24 01:00:00,22.802423232895144
2011-06-24 02:00:00,10.867726164956458
2011-06-24 03:00:00,5.705819387043376
2011-06-24 04:00:00,5.717437092404171
2011-06-24 05:00:00,23.72854399534758
2011-06-24 06:00:00,102.03965272303273
2011-06-24 07:00:00,279.99116437725024
2011-06-24 08:00:00,403.9287783909624
2011-06-24 09:00:00,206.22113198630626
2011-06-24 10:00:00,179.46415868289364
2011-06-24 11:00:00,180.73769046586244
2011-06-24 12:00:00,220.16626106200073
2011-06-24 13:00:00,220.40120359616805
2011-06-24 14:00:00,220.16626106200073
2011-06-24 15:00:00,218.43413296150544
2011-06-24 16:00:00,341.6564634488504
2011-06-24 17:00:00,505.60392659986513
2011-06-24 18:00:00,504.2051616537801
2011-06-24 19:00:00,363.0811219423535
2011-06-24 20:00:00,287.78560869018014
2011-06-24 21:00:00,221.25132968283987
2011-06-24 22:00:00,189.9836397335943
2011-06-24 23:00:00,146.62549350545288
2011-06-25 00:00:00,121.59866458174486
2011-06-25 01:00:00,85.48706601900562
2011-06-25 02:00:00,57.174272286007096
2011-06-25 03:00:00,32.38460726595593
2011-06-25 04:00:00,9.608563549035898
2011-06-25 05:00:00,9.657368824476874
2011-06-25 06:00:00,26.40855051714874
2011-06-25 07:00:00,57.03840584393241
2011-06-25 08:00:00,133.80007027075777
2011-06-25 09:00:00,207.21728118135493
2011-06-25 10:00:00,275.2242832434128
2011-06-25 11:00:00,361.91642400771445
2011-06-25 12:00:00,375.5467818184036
2011-06-25 13:00:00,375.5467818184036
2011-06-25 14:00:00,375.5467818184036
2011-06-25 15:00:00,375.5936439273518
2011-06-25 16:00:00,394.14341702414293
2011-06-25 17:00:00,354.68922480362755
2011-06-25 18:00:00,346.99479639261955
2011-06-25 19:00:00,335.16362027138484
2011-06-25 20:00:00,271.6116641972241
2011-06-25 21:00:00,219.92877943684914
2011-06-25 22:00:00,189.62562776706966
2011-06-25 23:00:00,133.26001237791326
2011-06-26 00:00:00,102.41534941607611
2011-06-26 01:00:00,90.43650037443196
2011-06-26 02:00:00,68.0228387327771
2011-06-26 03:00:00,33.79407051922826
2011-06-26 04:00:00,10.155030018410217
2011-06-26 05:00:00,10.591207274225049
2011-06-26 06:00:00,23.93940223613356
2011-06-26 07:00:00,51.23066718181804
2011-06-26 08:00:00,109.19522087679992
2011-06-26 09:00:00,190.65421133061483
2011-06-26 10:00:00,272.7652126555976
2011-06-26 11:00:00,362.3487838801108
2011-06-26 12:00:00,375.5467818184036
2011-06-26 13:00:00,375.5467818184036
2011-06-26 14:00:00,375.5467818184036
2011-06-26 15:00:00,375.5936439273518
2011-06-26 16:00:00,392.37917399222147
2011-06-26 17:00:00,353.80353085130105
2011-06-26 18:00:00,346.63655725378106
2011-06-26 19:00:00,335.199152122693
2011-06-26 20:00:00,254.39872145002587
2011-06-26 21:00:00,207.89639027158395
2011-06-26 22:00:00,186.74358611961924
2011-06-26 23:00:00,83.03835014093035
2011-06-27 00:00:00,33.302056911479426
2011-06-27 01:00:00,12.066972179169127
2011-06-27 02:00:00,7.561055684303197
2011-06-27 03:00:00,4.502159883989841
2011-06-27 04:00:00,5.496737527302392
2011-06-27 05:00:00,21.006951838427327
2011-06-27 06:00:00,111.13371996297583
2011-06-27 07:00:00,302.05800688510425
2011-06-27 08:00:00,409.47301909777474
2011-06-27 09:00:00,193.45849477451594
2011-06-27 10:00:00,142.70846209999985
2011-06-27 11:00:00,144.9050653540975
2011-06-27 12:00:00,165.82386021406708
2011-06-27 13:00:00,165.82386021406708
2011-06-27 14:00:00,165.62454032929531
2011-06-27 15:00:00,165.54318729373014
2011-06-27 16:00:00,286.54653006334553
2011-06-27 17:00:00,508.9813394340673
2011-06-27 18:00:00,507.1030518800343
2011-06-27 19:00:00,370.7122409176311
2011-06-27 20:00:00,289.7900524334415
2011-06-27 21:00:00,204.13429215357826
2011-06-27 22:00:00,133.69260039304436
2011-06-27 23:00:00,76.26352838857753
2011-06-28 00:00:00,32.20162671746358
2011-06-28 01:00:00,16.967375422621654
2011-06-28 02:00:00,8.476144751685123
2011-06-28 03:00:00,5.212425950464945
2011-06-28 04:00:00,5.449825750513794
2011-06-28 05:00:00,23.974623511501896
2011-06-28 06:00:00,113.38528333686492
2011-06-28 07:00:00,300.449720191681
2011-06-28 08:00:00,427.13899047986536
2011-06-28 09:00:00,193.32096420842373
2011-06-28 10:00:00,142.68278200442035
2011-06-28 11:00:00,144.6670885926492
2011-06-28 12:00:00,164.40230695914397
2011-06-28 13:00:00,164.58962447810688
2011-06-28 14:00:00,163.40038507744208
2011-06-28 15:00:00,163.4386494233324
2011-06-28 16:00:00,267.2677645352108
2011-06-28 17:00:00,469.09746477300985
2011-06-28 18:00:00,467.83921268017906
2011-06-28 19:00:00,348.5696874741973
2011-06-28 20:00:00,290.25156672096733
2011-06-28 21:00:00,214.0620332132903
2011-06-28 22:00:00,153.02947554097227
2011-06-28 23:00:00,87.60966732974411
2011-06-29 00:00:00,32.557090863534135
2011-06-29 01:00:00,16.42685636097237
2011-06-29 02:00:00,7.228528855333074
2011-06-29 03:00:00,5.193995957822495
2011-06-29 04:00:00,5.389672959176975
2011-06-29 05:00:00,25.250544338356733
2011-06-29 06:00:00,110.06790757156327
2011-06-29 07:00:00,307.4166908469666
2011-06-29 08:00:00,438.11482838433744
2011-06-29 09:00:00,193.96564830661356
2011-06-29 10:00:00,142.70846209999985
2011-06-29 11:00:00,144.9050653540975
2011-06-29 12:00:00,165.9023927188756
2011-06-29 13:00:00,165.78442788001377
2011-06-29 14:00:00,165.50677187355194
2011-06-29 15:00:00,165.42547633744846
2011-06-29 16:00:00,286.3896531009627
2011-06-29 17:00:00,508.9485571215268
2011-06-29 18:00:00,508.194340762035
2011-06-29 19:00:00,369.9271429713334
2011-06-29 20:00:00,289.00304819641565
2011-06-29 21:00:00,222.34475345189344
2011-06-29 22:00:00,167.81395161234002
2011-06-29 23:00:00,95.50075754407194
2011-06-30 00:00:00,43.788511555697724
2011-06-30 01:00:00,19.39210492005889
2011-06-30 02:00:00,8.75817269308861
2011-06-30 03:00:00,5.372777520320023
2011-06-30 04:00:00,5.231848862253628
2011-06-30 05:00:00,26.769571937926063
2011-06-30 06:00:00,115.39208709354922
2011-06-30 07:00:00,307.9718807341981
2011-06-30 08:00:00,438.18447775308675
2011-06-30 09:00:00,194.71134275415713
2011-06-30 10:00:00,142.70846209999985
2011-06-30 11:00:00,144.9711851977055
2011-06-30 12:00:00,165.9023927188756
2011-06-30 13:00:00,165.9023927188756
2011-06-30 14:00:00,165.62454032929531
2011-06-30 15:00:00,165.54318729373014
2011-06-30 16:00:00,286.5934271920076
2011-06-30 17:00:00,508.57366185351725
2011-06-30 18:00:00,507.8199999659232
2011-06-30 19:00:00,369.86721696677085
2011-06-30 20:00:00,293.2593860177294
2011-06-30 21:00:00,220.6397240604236
2011-06-30 22:00:00,169.8065565839487
2011-06-30 23:00:00,124.37191324124663
2011-07-20 00:00:00,34.64734990982324
2011-07-20 01:00:00,16.297712507897558
2011-07-20 02:00:00,7.1636886860894915
2011-07-20 03:00:00,5.328318679858379
2011-07-20 04:00:00,5.624937024444162
2011-07-20 05:00:00,25.338180590281684
2011-07-20 06:00:00,117.99436575206957
2011-07-20 07:00:00,286.73847378819227
2011-07-20 08:00:00,430.5732795400426
2011-07-20 09:00:00,193.62945298668444
2011-07-20 10:00:00,142.68278200442035
2011-07-20 11:00:00,144.72234888719638
2011-07-20 12:00:00,163.47369498696986
2011-07-20 13:00:00,163.2800237557553
2011-07-20 14:00:00,163.1535992470168
2011-07-20 15:00:00,163.19180615327068
2011-07-20 16:00:00,268.083555783931
2011-07-20 17:00:00,508.36968834719477
2011-07-20 18:00:00,507.6163281373939
2011-07-20 19:00:00,369.15978948040487
2011-07-20 20:00:00,276.84718781886465
2011-07-20 21:00:00,214.43801347914112
2011-07-20 22:00:00,161.2139200717015
2011-07-20 23:00:00,105.40309717409625
2011-07-21 00:00:00,43.61196392010691
2011-07-21 01:00:00,17.736895209284196
2011-07-21 02:00:00,7.265387733436233
2011-07-21 03:00:00,4.974012670702644
2011-07-21 04:00:00,4.964762525753612
2011-07-21 05:00:00,21.42685244016566
2011-07-21 06:00:00,119.42445449842154
2011-07-21 07:00:00,288.83063199744834
2011-07-21 08:00:00,428.277470293826
2011-07-21 09:00:00,192.1580502721525
2011-07-21 10:00:00,142.2887692590123
2011-07-21 11:00:00,144.60440817042502
2011-07-21 12:00:00,163.1433491207456
2011-07-21 13:00:00,163.1433491207456
2011-07-21 14:00:00,163.01702979231567
2011-07-21 15:00:00,163.055204911899
2011-07-21 16:00:00,264.09409337113186
2011-07-21 17:00:00,508.57366185351725
2011-07-21 18:00:00,507.6280827135698
2011-07-21 19:00:00,364.5457673317394
2011-07-21 20:00:00,279.542280835418
2011-07-21 21:00:00,211.83847444512168
2011-07-21 22:00:00,164.09758318115422
2011-07-21 23:00:00,118.19840855092478
2011-07-22 00:00:00,57.36623063006386
2011-07-22 01:00:00,29.652138321614938
2011-07-22 02:00:00,16.4856822131444
2011-07-22 03:00:00,5.379908805658708
2011-07-22 04:00:00,5.588805636935405
2011-07-22 05:00:00,23.617923661259333
2011-07-22 06:00:00,104.95262180523503
2011-07-22 07:00:00,280.5479788603093
2011-07-22 08:00:00,412.6108454901639
2011-07-22 09:00:00,204.69054102376614
2011-07-22 10:00:00,176.15786720047686
2011-07-22 11:00:00,179.86230366392334
2011-07-22 12:00:00,217.2323328957649
2011-07-22 13:00:00,217.2323328957649
2011-07-22 14:00:00,216.67562318776353
2011-07-22 15:00:00,216.874562670567
2011-07-22 16:00:00,307.354410474165
2011-07-22 17:00:00,504.22292451445725
2011-07-22 18:00:00,504.58168516755984
2011-07-22 19:00:00,362.90045011999337
2011-07-22 20:00:00,286.15292148084563
2011-07-22 21:00:00,212.1476886169337
2011-07-22 22:00:00,182.9806308614698
2011-07-22 23:00:00,140.68152745602663
2011-07-23 00:00:00,107.01910788019273
2011-07-23 01:00:00,85.23359255836527
2011-07-23 02:00:00,63.16570566429598
2011-07-23 03:00:00,29.43827391649744
2011-07-23 04:00:00,9.090990860020906
2011-07-23 05:00:00,8.912196600514708
2011-07-23 06:00:00,31.235905928228497
2011-07-23 07:00:00,65.9063816134425
2011-07-23 08:00:00,133.9661184823557
2011-07-23 09:00:00,206.4132391392333
2011-07-23 10:00:00,275.5979606034649
2011-07-23 11:00:00,359.63931496839643
2011-07-23 12:00:00,372.3631057249308
2011-07-23 13:00:00,371.88895466729105
2011-07-23 14:00:00,372.3631057249308
2011-07-23 15:00:00,372.48108492579513
2011-07-23 16:00:00,388.75909818520506
2011-07-23 17:00:00,355.1244507091331
2011-07-23 18:00:00,348.20467181571246
2011-07-23 19:00:00,335.8226469978115
2011-07-23 20:00:00,272.76021998262405
2011-07-23 21:00:00,219.84753144689626
2011-07-23 22:00:00,189.18643541608031
2011-07-23 23:00:00,140.6789590614363
2011-07-24 00:00:00,112.17650361448857
2011-07-24 01:00:00,87.92050392022364
2011-07-24 02:00:00,73.50394848085455
2011-07-24 03:00:00,32.89365763644536
2011-07-24 04:00:00,8.426286273809339
2011-07-24 05:00:00,8.512388994425487
2011-07-24 06:00:00,21.037472347377875
2011-07-24 07:00:00,57.29000390421429
2011-07-24 08:00:00,112.23232217849504
2011-07-24 09:00:00,191.52650077227545
2011-07-24 10:00:00,272.9305620565093
2011-07-24 11:00:00,359.4162938415924
2011-07-24 12:00:00,371.88895466729105
2011-07-24 13:00:00,371.8420497851101
2011-07-24 14:00:00,371.47530196461094
2011-07-24 15:00:00,372.0067840409175
2011-07-24 16:00:00,387.548117961465
2011-07-24 17:00:00,355.1244507091331
2011-07-24 18:00:00,348.01623225979085
2011-07-24 19:00:00,336.97699204087905
2011-07-24 20:00:00,269.5106215876932
2011-07-24 21:00:00,215.30250680447264
2011-07-24 22:00:00,161.06642577545676
2011-07-24 23:00:00,82.29924579964785
2011-07-25 00:00:00,37.049984998394656
2011-07-25 01:00:00,15.137570886544573
2011-07-25 02:00:00,6.847347696082992
2011-07-25 03:00:00,4.932915826964437
2011-07-25 04:00:00,5.070458349409917
2011-07-25 05:00:00,22.84370970508289
2011-07-25 06:00:00,114.23376021465663
2011-07-25 07:00:00,303.98375848295734
2011-07-25 08:00:00,411.014091872692
2011-07-25 09:00:00,188.97750913151458
2011-07-25 10:00:00,142.69134951619327
2011-07-25 11:00:00,144.72234888719638
2011-07-25 12:00:00,163.2800237557553
2011-07-25 13:00:00,163.41747362988636
2011-07-25 14:00:00,153.11333174034087
2011-07-25 15:00:00,154.91294311606885
2011-07-25 16:00:00,200.94422735072516
2011-07-25 17:00:00,467.2538725032598
2011-07-25 18:00:00,465.8689485501076
2011-07-25 19:00:00,367.71024458072657
2011-07-25 20:00:00,279.8043989812565
2011-07-25 21:00:00,158.3011583041545
2011-07-25 22:00:00,124.72082876755401
2011-07-25 23:00:00,70.24275526635822
2011-07-26 00:00:00,33.71471186919172
2011-07-26 01:00:00,16.087006006217262
2011-07-26 02:00:00,7.335097878258841
2011-07-26 03:00:00,5.010549794193727
2011-07-26 04:00:00,5.335065790564162
2011-07-26 05:00:00,23.808435221058048
2011-07-26 06:00:00,114.66766713509908
2011-07-26 07:00:00,307.6173368591853
2011-07-26 08:00:00,432.6844179943414
2011-07-26 09:00:00,192.41560375369284
2011-07-26 10:00:00,142.68278200442035
2011-07-26 11:00:00,144.87899273478828
2011-07-26 12:00:00,165.78442788001377
2011-07-26 13:00:00,165.78442788001377
2011-07-26 14:00:00,165.50677187355194
2011-07-26 15:00:00,164.31367474871686
2011-07-26 16:00:00,284.3685718242024
2011-07-26 17:00:00,509.1737673017811
2011-07-26 18:00:00,508.4192178553526
2011-07-26 19:00:00,371.5915517253819
2011-07-26 20:00:00,292.8857301200363
2011-07-26 21:00:00,222.7455716170869
2011-07-26 22:00:00,166.42899511576522
2011-07-26 23:00:00,81.32227388401606
2011-07-27 00:00:00,40.543979834948225
2011-07-27 01:00:00,16.023169618971497
2011-07-27 02:00:00,8.700639902079535
2011-07-27 03:00:00,5.223794522510879
2011-07-27 04:00:00,5.106034857988973
2011-07-27 05:00:00,26.7413747687341
2011-07-27 06:00:00,115.58243498195532
2011-07-27 07:00:00,306.76907641435
2011-07-27 08:00:00,436.79234419133746
2011-07-27 09:00:00,192.53059382051597
2011-07-27 10:00:00,142.70846209999985
2011-07-27 11:00:00,144.87899273478828
2011-07-27 12:00:00,165.78442788001377
2011-07-27 13:00:00,165.78442788001377
2011-07-27 14:00:00,165.50677187355194
2011-07-27 15:00:00,165.42547633744846
2011-07-27 16:00:00,284.35305697634664
2011-07-27 17:00:00,508.9485571215268
2011-07-27 18:00:00,507.27216071742424
2011-07-27 19:00:00,371.7705067385047
2011-07-27 20:00:00,293.50231054593837
2011-07-27 21:00:00,221.1639288944059
2011-07-27 22:00:00,168.4167558199278
2011-07-27 23:00:00,85.41028557359199
2011-07-28 00:00:00,45.26590606907842
2011-07-28 01:00:00,19.529309241719744
2011-07-28 02:00:00,8.860169828817405
2011-07-28 03:00:00,5.429355441338879
2011-07-28 04:00:00,5.654290951509025
2011-07-28 05:00:00,26.434062205636266
2011-07-28 06:00:00,113.45416561623344
2011-07-28 07:00:00,307.74808871844255
2011-07-28 08:00:00,433.3874450502439
2011-07-28 09:00:00,190.5303116845366
2011-07-28 10:00:00,142.69134951619327
2011-07-28 11:00:00,144.78838592912655
2011-07-28 12:00:00,163.47369498696986
2011-07-28 13:00:00,163.47369498696986
2011-07-28 14:00:00,163.46275203892114
2011-07-28 15:00:00,163.19180615327068
2011-07-28 16:00:00,266.91308098314227
2011-07-28 17:00:00,508.38146033419633
2011-07-28 18:00:00,507.6280827135698
2011-07-28 19:00:00,368.70642283679297
2011-07-28 20:00:00,289.2910873002276
2011-07-28 21:00:00,213.62515999571363
2011-07-28 22:00:00,159.65860146108915
2011-07-28 23:00:00,118.8630606225232
2011-07-29 00:00:00,55.143086577716986
2011-07-29 01:00:00,26.292224787353458
2011-07-29 02:00:00,15.948351363616325
2011-07-29 03:00:00,5.399766084549834
2011-07-29 04:00:00,5.423993170512491
2011-07-29 05:00:00,23.15363023068697
2011-07-29 06:00:00,104.33478460488264
2011-07-29 07:00:00,285.0090655180589
2011-07-29 08:00:00,399.1903288539949
2011-07-29 09:00:00,207.2807243205446
2011-07-29 10:00:00,179.28482675346436
2011-07-29 11:00:00,179.8728836758247
2011-07-29 12:00:00,217.0007530466267
2011-07-29 13:00:00,217.04303645863055
2011-07-29 14:00:00,217.64448723863643
2011-07-29 15:00:00,217.9608916509308
2011-07-29 16:00:00,328.65562544029933
2011-07-29 17:00:00,504.95346925918034
2011-07-29 18:00:00,504.2051616537801
2011-07-29 19:00:00,363.3113853630198
2011-07-29 20:00:00,278.8115107290509
2011-07-29 21:00:00,222.45518565669715
2011-07-29 22:00:00,189.85505000389298
2011-07-29 23:00:00,141.3446421447461
2011-07-30 00:00:00,128.36693275277386
2011-07-30 01:00:00,83.07676361246078
2011-07-30 02:00:00,64.49898715708488
2011-07-30 03:00:00,33.38286700156957
2011-07-30 04:00:00,9.241826342223995
2011-07-30 05:00:00,9.774224070837219
2011-07-30 06:00:00,25.529879556311798
2011-07-30 07:00:00,55.34592375098785
2011-07-30 08:00:00,132.25426046940547
2011-07-30 09:00:00,208.31268655990888
2011-07-30 10:00:00,276.187711118767
2011-07-30 11:00:00,360.7234345064836
2011-07-30 12:00:00,373.42396776750786
2011-07-30 13:00:00,373.9000706879625
2011-07-30 14:00:00,372.730727697602
2011-07-30 15:00:00,372.4965024187902
2011-07-30 16:00:00,388.29059362638503
2011-07-30 17:00:00,347.9549237057004
2011-07-30 18:00:00,340.5132343689893
2011-07-30 19:00:00,336.3109548532842
2011-07-30 20:00:00,268.83365143832197
2011-07-30 21:00:00,221.9194267658313
2011-07-30 22:00:00,189.34035090660086
2011-07-30 23:00:00,141.83262633266276
2011-07-31 00:00:00,111.58910608609406
2011-07-31 01:00:00,87.82582966608216
2011-07-31 02:00:00,75.4314969715691
2011-07-31 03:00:00,32.78548149292585
2011-07-31 04:00:00,8.731082979853731
2011-07-31 05:00:00,9.419483338035215
2011-07-31 06:00:00,22.661620107771284
2011-07-31 07:00:00,60.326046511608446
2011-07-31 08:00:00,112.63725683761484
2011-07-31 09:00:00,190.77630746789634
2011-07-31 10:00:00,273.70159136636664
2011-07-31 11:00:00,358.57850310365967
2011-07-31 12:00:00,373.42396776750786
2011-07-31 13:00:00,373.54675933196336
2011-07-31 14:00:00,373.42396776750786
2011-07-31 15:00:00,373.33292298679623
2011-07-31 16:00:00,387.9407244283912
2011-07-31 17:00:00,347.2675390947704
2011-07-31 18:00:00,348.31777117205024
2011-07-31 19:00:00,331.98533065834283
2011-07-31 20:00:00,266.4945166320938
2011-07-31 21:00:00,215.2067376713341
2011-07-31 22:00:00,154.51389019203407
2011-07-31 23:00:00,81.63677942855671
2011-08-20 00:00:00,108.74185532366647
2011-08-20 01:00:00,81.21337513252955
2011-08-20 02:00:00,58.24084833605981
2011-08-20 03:00:00,31.47289316563574
2011-08-20 04:00:00,9.171041436415479
2011-08-20 05:00:00,10.773296586697015
2011-08-20 06:00:00,20.606915438232868
2011-08-20 07:00:00,49.74574220029707
2011-08-20 08:00:00,118.09215164276581
2011-08-20 09:00:00,204.39472011604832
2011-08-20 10:00:00,272.196174974712
2011-08-20 11:00:00,358.6746191923916
2011-08-20 12:00:00,372.5959363768873
2011-08-20 13:00:00,373.2546512569539
2011-08-20 14:00:00,373.9616544769646
2011-08-20 15:00:00,374.2867916207018
2011-08-20 16:00:00,388.0371219380105
2011-08-20 17:00:00,354.8717885023715
2011-08-20 18:00:00,347.34275402803047
2011-08-20 19:00:00,333.66639215701304
2011-08-20 20:00:00,269.04333693388105
2011-08-20 21:00:00,212.56004559977404
2011-08-20 22:00:00,161.74983418471135
2011-08-20 23:00:00,135.69489678149185
2011-08-21 00:00:00,121.11244641890333
2011-08-21 01:00:00,78.78675803072746
2011-08-21 02:00:00,72.6735105865482
2011-08-21 03:00:00,37.761280614603024
2011-08-21 04:00:00,6.876645527060744
2011-08-21 05:00:00,7.782446018446734
2011-08-21 06:00:00,8.189181713641844
2011-08-21 07:00:00,43.07060223120592
2011-08-21 08:00:00,99.12100967510013
2011-08-21 09:00:00,191.0668745122447
2011-08-21 10:00:00,258.63819912564617
2011-08-21 11:00:00,354.9092711393019
2011-08-21 12:00:00,371.14771548058457
2011-08-21 13:00:00,372.3345168404483
2011-08-21 14:00:00,259.6588715587781
2011-08-21 15:00:00,221.57472986047304
2011-08-21 16:00:00,271.4594368903754
2011-08-21 17:00:00,246.03105490065477
2011-08-21 18:00:00,246.61869971990316
2011-08-21 19:00:00,325.3687178563752
2011-08-21 20:00:00,221.43997235135006
2011-08-21 21:00:00,185.65886839864606
2011-08-21 22:00:00,156.18611094074728
2011-08-21 23:00:00,86.5758837869307
2011-08-22 00:00:00,33.50242185767604
2011-08-22 01:00:00,15.946468770018921
2011-08-22 02:00:00,8.963477008970932
2011-08-22 03:00:00,4.317189631624487
2011-08-22 04:00:00,5.545426688537442
2011-08-22 05:00:00,26.337559441213216
2011-08-22 06:00:00,104.40890026276946
2011-08-22 07:00:00,297.29455525032876
2011-08-22 08:00:00,408.95353457403814
2011-08-22 09:00:00,193.9341581479996
2011-08-22 10:00:00,142.70846209999985
2011-08-22 11:00:00,144.9050653540975
2011-08-22 12:00:00,165.9023927188756
2011-08-22 13:00:00,165.9023927188756
2011-08-22 14:00:00,165.62454032929531
2011-08-22 15:00:00,165.54318729373014
2011-08-22 16:00:00,286.28465955332666
2011-08-22 17:00:00,509.1737673017811
2011-08-22 18:00:00,508.4192178553526
2011-08-22 19:00:00,371.8429309526284
2011-08-22 20:00:00,293.4578862789911
2011-08-22 21:00:00,218.05965463482107
2011-08-22 22:00:00,133.4434868066793
2011-08-22 23:00:00,84.6375817706393
2011-08-23 00:00:00,33.4749778648619
2011-08-23 01:00:00,13.827996309636111
2011-08-23 02:00:00,8.74093729385142
2011-08-23 03:00:00,4.4871446056620705
2011-08-23 04:00:00,5.061612047323285
2011-08-23 05:00:00,26.274482165008816
2011-08-23 06:00:00,112.51266907299248
2011-08-23 07:00:00,308.2142224019068
2011-08-23 08:00:00,433.32842965072797
2011-08-23 09:00:00,193.9888620300017
2011-08-23 10:00:00,142.70846209999985
2011-08-23 11:00:00,144.9050653540975
2011-08-23 12:00:00,165.9023927188756
2011-08-23 13:00:00,165.9023927188756
2011-08-23 14:00:00,165.62454032929531
2011-08-23 15:00:00,165.54318729373014
2011-08-23 16:00:00,286.7382510735072
2011-08-23 17:00:00,509.1737673017811
2011-08-23 18:00:00,508.4192178553526
2011-08-23 19:00:00,369.16497038992816
2011-08-23 20:00:00,291.08495621539635
2011-08-23 21:00:00,208.4876958089004
2011-08-23 22:00:00,161.17173188544274
2011-08-23 23:00:00,79.41941682913895
2011-08-24 00:00:00,36.22581077202703
2011-08-24 01:00:00,14.398287092709253
2011-08-24 02:00:00,8.53858150134219
2011-08-24 03:00:00,5.219624474514513
2011-08-24 04:00:00,5.49416589859894
2011-08-24 05:00:00,25.36551387903259
2011-08-24 06:00:00,110.1308542467016
2011-08-24 07:00:00,307.517361456793
2011-08-24 08:00:00,427.9322113783152
2011-08-24 09:00:00,193.97261878665682
2011-08-24 10:00:00,142.70846209999985
2011-08-24 11:00:00,144.9050653540975
2011-08-24 12:00:00,165.82386021406708
2011-08-24 13:00:00,165.82386021406708
2011-08-24 14:00:00,165.62454032929531
2011-08-24 15:00:00,165.54318729373014
2011-08-24 16:00:00,286.3896531009627
2011-08-24 17:00:00,508.756214198822
2011-08-24 18:00:00,508.00228231543406
2011-08-24 19:00:00,371.13881071556966
2011-08-24 20:00:00,285.18547443185844
2011-08-24 21:00:00,211.82930612984552
2011-08-24 22:00:00,147.68937275486854
2011-08-24 23:00:00,98.41727813456848
2011-08-25 00:00:00,43.47742361843595
2011-08-25 01:00:00,20.01952391775178
2011-08-25 02:00:00,7.852653163281321
2011-08-25 03:00:00,5.580065059061496
2011-08-25 04:00:00,5.715804369084726
2011-08-25 05:00:00,25.422218824009434
2011-08-25 06:00:00,100.08312858971183
2011-08-25 07:00:00,286.2454828899327
2011-08-25 08:00:00,427.6670246009959
2011-08-25 09:00:00,194.73017942472552
2011-08-25 10:00:00,142.68278200442035
2011-08-25 11:00:00,87.13678154919526
2011-08-25 12:00:00,100.08597296222428
2011-08-25 13:00:00,150.9872916508001
2011-08-25 14:00:00,162.1910361594886
2011-08-25 15:00:00,165.3087065848365
2011-08-25 16:00:00,197.420853122274
2011-08-25 17:00:00,308.2248422884368
2011-08-25 18:00:00,303.57894081701227
2011-08-25 19:00:00,307.64044797437367
2011-08-25 20:00:00,221.82656072987737
2011-08-25 21:00:00,191.80592652403755
2011-08-25 22:00:00,145.17955423425627
2011-08-25 23:00:00,112.6579429427108
2011-08-26 00:00:00,53.311912027927306
2011-08-26 01:00:00,23.00344781167681
2011-08-26 02:00:00,10.494007534175442
2011-08-26 03:00:00,5.45718132101388
2011-08-26 04:00:00,5.5011058526107925
2011-08-26 05:00:00,20.898917812428486
2011-08-26 06:00:00,90.06181659103251
2011-08-26 07:00:00,271.50360548660245
2011-08-26 08:00:00,382.6362936423793
2011-08-26 09:00:00,203.05103865858487
2011-08-26 10:00:00,176.81356513986586
2011-08-26 11:00:00,180.70769642011987
2011-08-26 12:00:00,218.75423597464305
2011-08-26 13:00:00,220.5235750751733
2011-08-26 14:00:00,217.82057722221816
2011-08-26 15:00:00,218.32463147185803
2011-08-26 16:00:00,334.1522187193155
2011-08-26 17:00:00,432.6609639062968
2011-08-26 18:00:00,419.14244778963166
2011-08-26 19:00:00,316.65017989179006
2011-08-26 20:00:00,235.05175919119188
2011-08-26 21:00:00,190.92714193786696
2011-08-26 22:00:00,163.3303486796542
2011-08-26 23:00:00,130.1229224717248
2011-08-27 00:00:00,109.75255353837466
2011-08-27 01:00:00,76.67724932986302
2011-08-27 02:00:00,63.98428457784618
2011-08-27 03:00:00,35.2937503673886
2011-08-27 04:00:00,7.163049602639462
2011-08-27 05:00:00,8.240596748326613
2011-08-27 06:00:00,16.709493061541504
2011-08-27 07:00:00,53.43553189869214
2011-08-27 08:00:00,118.50089286334497
2011-08-27 09:00:00,168.21048652291645
2011-08-27 10:00:00,224.67187039418067
2011-08-27 11:00:00,147.54538070157744
2011-08-27 12:00:00,187.20826557683824
2011-08-27 13:00:00,198.9482034767792
2011-08-27 14:00:00,117.25881439642147
2011-08-27 15:00:00,119.25662788477773
2011-08-27 16:00:00,129.45438276779618
2011-08-27 17:00:00,110.71778496775939
2011-08-28 07:00:00,56.12201126945832
2011-08-28 08:00:00,112.59095767298085
2011-08-28 09:00:00,189.0670341452499
2011-08-28 10:00:00,253.40077429984316
2011-08-28 11:00:00,359.297604863052
2011-08-28 12:00:00,374.836133751045
2011-08-28 13:00:00,375.812745581012
2011-08-28 14:00:00,374.6575022401138
2011-08-28 15:00:00,374.7042536761825
2011-08-28 16:00:00,387.4282940213827
2011-08-28 17:00:00,355.03451034564875
2011-08-28 18:00:00,347.79505440558506
2011-08-28 19:00:00,335.1820743197677
2011-08-28 20:00:00,264.7109592612342
2011-08-28 21:00:00,211.93408647356617
2011-08-28 22:00:00,144.88351702973998
2011-08-28 23:00:00,77.40202142466963
2011-08-29 00:00:00,33.90765879884504
2011-08-29 01:00:00,13.663844676868818
2011-08-29 02:00:00,8.871766536237995
2011-08-29 03:00:00,5.465285036442734
2011-08-29 04:00:00,5.463921593924254
2011-08-29 05:00:00,24.622931045486286
2011-08-29 06:00:00,110.29721796783413
2011-08-29 07:00:00,307.1135428347271
2011-08-29 08:00:00,410.83578141452017
2011-08-29 09:00:00,193.86724330358754
2011-08-29 10:00:00,142.70846209999985
2011-08-29 11:00:00,144.9050653540975
2011-08-29 12:00:00,165.82386021406708
2011-08-29 13:00:00,165.9023927188756
2011-08-29 14:00:00,165.62454032929531
2011-08-29 15:00:00,165.54318729373014
2011-08-29 16:00:00,286.4883591985292
2011-08-29 17:00:00,502.12287515117697
2011-08-29 18:00:00,508.22707458937816
2011-08-29 19:00:00,369.29395173532225
2011-08-29 20:00:00,291.30754329431176
2011-08-29 21:00:00,217.38839760961642
2011-08-29 22:00:00,148.08872535257947
2011-08-29 23:00:00,70.48641086090369
2011-08-30 00:00:00,33.88799481209669
2011-08-30 01:00:00,13.884872099206683
2011-08-30 02:00:00,8.382624409757268
2011-08-30 03:00:00,5.036369924039378
2011-08-30 04:00:00,5.435392263957263
2011-08-30 05:00:00,24.239270476379957
2011-08-30 06:00:00,111.89554586723563
2011-08-30 07:00:00,308.761807198647
2011-08-30 08:00:00,432.90790920183144
2011-08-30 09:00:00,194.29458795419748
2011-08-30 10:00:00,142.70846209999985
2011-08-30 11:00:00,144.9050653540975
2011-08-30 12:00:00,165.9023927188756
2011-08-30 13:00:00,165.9023927188756
2011-08-30 14:00:00,165.62454032929531
2011-08-30 15:00:00,165.54318729373014
2011-08-30 16:00:00,286.7382510735072
2011-08-30 17:00:00,509.1737673017811
2011-08-30 18:00:00,508.4192178553526
2011-08-30 19:00:00,369.16497038992816
2011-08-30 20:00:00,292.65341447512424
2011-08-30 21:00:00,195.3392380080912
2011-08-30 22:00:00,158.85837746800144
2011-08-30 23:00:00,78.0352440115751
2011-08-31 00:00:00,32.872169876078274
2011-08-31 01:00:00,14.735857880466119
2011-08-31 02:00:00,8.298693479701416
2011-08-31 03:00:00,5.420793971680586
2011-08-31 04:00:00,5.48491859828663
2011-08-31 05:00:00,24.682964727337286
2011-08-31 06:00:00,108.6938052778467
2011-08-31 07:00:00,304.78778180718757
2011-08-31 08:00:00,427.52818910250426
2011-08-31 09:00:00,193.97261878665682
2011-08-31 10:00:00,142.70846209999985
2011-08-31 11:00:00,144.9050653540975
2011-08-31 12:00:00,165.9023927188756
2011-08-31 13:00:00,165.9023927188756
2011-08-31 14:00:00,165.62454032929531
2011-08-31 15:00:00,165.54318729373014
2011-08-31 16:00:00,286.5934271920076
2011-08-31 17:00:00,508.9485571215268
2011-08-31 18:00:00,508.00228231543406
2011-08-31 19:00:00,371.40304840937927
2011-08-31 20:00:00,292.18198419858743
2011-08-31 21:00:00,210.7548405402867
2011-08-31 22:00:00,151.41751489216267
2011-08-31 23:00:00,78.07086366659885
2011-09-20 00:00:00,33.21481672914139
2011-09-20 01:00:00,11.914313287639946
2011-09-20 02:00:00,5.199427779606067
2011-09-20 03:00:00,4.932900801520343
2011-09-20 04:00:00,4.987045347807132
2011-09-20 05:00:00,21.23270706162164
2011-09-20 06:00:00,108.2499426888059
2011-09-20 07:00:00,271.21694278458887
2011-09-20 08:00:00,173.28874958209883
2011-09-20 09:00:00,119.61566959964796
2011-09-20 10:00:00,84.19372981132645
2011-09-20 11:00:00,82.05532511463966
2011-09-20 12:00:00,85.75905878853555
2011-09-20 13:00:00,82.20193950633953
2011-09-20 14:00:00,119.3142818582151
2011-09-20 15:00:00,159.85630139946628
2011-09-20 16:00:00,212.17099638849743
2011-09-20 17:00:00,369.8655909274951
2011-09-20 18:00:00,370.1877187933525
2011-09-20 19:00:00,217.26960996418686
2011-09-20 20:00:00,99.75329603446868
2011-09-20 21:00:00,86.19319883195472
2011-09-20 22:00:00,118.09524610116796
2011-09-20 23:00:00,65.73576212447398
2011-09-21 00:00:00,24.684696370408503
2011-09-21 01:00:00,10.547626135372049
2011-09-21 02:00:00,6.092819245457256
2011-09-21 03:00:00,4.424782041609313
2011-09-21 04:00:00,4.705809279300253
2011-09-21 05:00:00,15.410966329452059
2011-09-21 06:00:00,86.1293570260647
2011-09-21 07:00:00,166.98977583272338
2011-09-21 08:00:00,202.19055302565536
2011-09-21 09:00:00,92.84218476551293
2011-09-21 10:00:00,93.27679995215063
2011-09-21 11:00:00,138.43904502421557
2011-09-21 12:00:00,157.1379569772783
2011-09-21 13:00:00,163.41747362988636
2011-09-21 14:00:00,163.221028877581
2011-09-21 15:00:00,163.14084933634146
2011-09-21 16:00:00,266.7669846950378
2011-09-21 17:00:00,409.09203157562774
2011-09-21 18:00:00,340.0354197258578
2011-09-21 19:00:00,103.87911761596683
2011-09-21 20:00:00,83.7781377403156
2011-09-21 21:00:00,85.24577701832315
2011-09-21 22:00:00,116.5129363969641
2011-09-21 23:00:00,68.48364337262477
2011-09-22 00:00:00,24.13805263752971
2011-09-22 01:00:00,11.264995753869156
2011-09-22 02:00:00,6.4242266756254605
2011-09-22 03:00:00,4.681735250936859
2011-09-22 04:00:00,4.888937529248238
2011-09-22 05:00:00,17.77337986650611
2011-09-22 06:00:00,85.37424324173625
2011-09-22 07:00:00,161.70844897969118
2011-09-22 08:00:00,189.62705241966424
2011-09-22 09:00:00,124.49228356559338
2011-09-22 10:00:00,130.5819775846791
2011-09-22 11:00:00,131.22814319906868
2011-09-22 12:00:00,149.52568979853308
2011-09-22 13:00:00,149.97759416830678
2011-09-22 14:00:00,149.3009519018898
2011-09-22 15:00:00,154.87369452831032
2011-09-22 16:00:00,269.92185628039
2011-09-22 17:00:00,409.012608900526
2011-09-22 18:00:00,348.2082418559132
2011-09-22 19:00:00,187.24609023209854
2011-09-22 20:00:00,115.94148207023767
2011-09-22 21:00:00,112.94989038616458
2011-09-22 22:00:00,115.03189599150342
2011-09-22 23:00:00,81.87830491609073
2011-09-23 00:00:00,30.01046575868335
2011-09-23 01:00:00,12.179664653751384
2011-09-23 02:00:00,8.746684436880074
2011-09-23 03:00:00,4.867244428672524
2011-09-23 04:00:00,3.4949196637726723
2011-09-23 05:00:00,17.185799518082813
2011-09-23 06:00:00,77.02153943241687
2011-09-23 07:00:00,154.5322170111939
2011-09-23 08:00:00,183.74111097298862
2011-09-23 09:00:00,117.19588756456686
2011-09-23 10:00:00,96.6981705765667
2011-09-23 11:00:00,100.54625115029657
2011-09-23 12:00:00,111.19410959369498
2011-09-23 13:00:00,97.2933955471873
2011-09-23 14:00:00,96.93268275607582
2011-09-23 15:00:00,107.49373571160135
2011-09-23 16:00:00,102.72086729383759
2011-09-23 17:00:00,112.66985821907744
2011-09-23 18:00:00,116.09516467528306
2011-09-23 19:00:00,174.1599070711938
2011-09-23 20:00:00,116.34230774535739
2011-09-23 21:00:00,115.40695819104774
2011-09-23 22:00:00,121.80611675560111
2011-09-23 23:00:00,89.27827898737708
2011-09-24 00:00:00,80.46102378928869
2011-09-24 01:00:00,74.37363584393178
2011-09-24 02:00:00,57.269012677060665
2011-09-24 03:00:00,31.135858127895098
2011-09-24 04:00:00,8.765331638910478
2011-09-24 05:00:00,10.468898151257587
2011-09-24 06:00:00,12.28441292125283
2011-09-24 07:00:00,63.72084041243841
2011-09-24 08:00:00,105.59859579920308
2011-09-24 09:00:00,142.23452450943185
2011-09-24 10:00:00,163.14210098281825
2011-09-24 11:00:00,238.47152751696376
2011-09-24 12:00:00,240.87130300539772
2011-09-24 13:00:00,286.7929418295345
2011-09-24 14:00:00,305.31365594808886
2011-09-24 15:00:00,307.3874125575922
2011-09-24 16:00:00,280.55882286109994
2011-09-24 17:00:00,275.0159416122932
2011-09-24 18:00:00,261.42920260815816
2011-09-24 19:00:00,198.5028839714122
2011-09-24 20:00:00,182.2824667332374
2011-09-24 21:00:00,159.91877466006795
2011-09-24 22:00:00,129.75710231644138
2011-09-24 23:00:00,105.4651246220925
2011-09-25 00:00:00,99.99773624273433
2011-09-25 01:00:00,79.33708766456216
2011-09-25 02:00:00,61.03797110754828
2011-09-25 03:00:00,31.58419257972733
2011-09-25 04:00:00,6.909246321290789
2011-09-25 05:00:00,11.866317869493267
2011-09-25 06:00:00,13.649319338371534
2011-09-25 07:00:00,43.34315170550489
2011-09-25 08:00:00,78.04830649043717
2011-09-25 09:00:00,174.89574328916262
2011-09-25 10:00:00,218.61898015042482
2011-09-25 11:00:00,281.33075474230117
2011-09-25 12:00:00,285.93473402714653
2011-09-25 13:00:00,305.9037852749433
2011-09-25 14:00:00,286.5097036077071
2011-09-25 15:00:00,287.52617548928157
2011-09-25 16:00:00,359.90837692601065
2011-09-25 17:00:00,270.70780681280513
2011-09-25 18:00:00,267.6972571934627
2011-09-25 19:00:00,226.97851278698823
2011-09-25 20:00:00,179.23063680618264
2011-09-25 21:00:00,104.74071721734276
2011-09-25 22:00:00,129.07293705650446
2011-09-25 23:00:00,88.79386451687702
2011-09-26 00:00:00,26.13715481041045
2011-09-26 01:00:00,11.447119467840206
2011-09-26 02:00:00,5.366569408721691
2011-09-26 03:00:00,4.313221699774503
2011-09-26 04:00:00,4.790811319130548
2011-09-26 05:00:00,20.816403931632262
2011-09-26 06:00:00,94.33482000715796
2011-09-26 07:00:00,166.07166894294016
2011-09-26 08:00:00,196.0524522457831
2011-09-26 09:00:00,165.3333654042088
2011-09-26 10:00:00,119.0898354323926
2011-09-26 11:00:00,138.73960662023046
2011-09-26 12:00:00,154.50748063916492
2011-09-26 13:00:00,163.41747362988636
2011-09-26 14:00:00,165.50763090664265
2011-09-26 15:00:00,165.54318729373014
2011-09-26 16:00:00,286.4883591985292
2011-09-26 17:00:00,500.66999270560507
2011-09-26 18:00:00,368.72487718345513
2011-09-26 19:00:00,290.8669642764984
2011-09-26 20:00:00,150.51067564838092
2011-09-26 21:00:00,125.20973022066667
2011-09-26 22:00:00,118.27597987912374
2011-09-26 23:00:00,66.38782321235219
2011-09-27 00:00:00,25.491876644201078
2011-09-27 01:00:00,10.648035523087433
2011-09-27 02:00:00,6.009950765155142
2011-09-27 03:00:00,4.288131538890929
2011-09-27 04:00:00,3.5147041931451493
2011-09-27 05:00:00,16.007048216785236
2011-09-27 06:00:00,99.78463864357066
2011-09-27 07:00:00,204.4349378841507
2011-09-27 08:00:00,293.43887560304364
2011-09-27 09:00:00,134.62188150677437
2011-09-27 10:00:00,83.06602866241504
2011-09-27 11:00:00,112.32863299523254
2011-09-27 12:00:00,115.62630065261044
2011-09-27 13:00:00,163.41747362988636
2011-09-27 14:00:00,150.12096967654975
2011-09-27 15:00:00,140.06281477152461
2011-09-27 16:00:00,209.89552713555435
2011-09-27 17:00:00,193.0794681550347
2011-09-27 18:00:00,196.93237420206742
2011-09-27 19:00:00,186.44895969538135
2011-09-27 20:00:00,225.34844212030183
2011-09-27 21:00:00,171.1243126640961
2011-09-27 22:00:00,128.98868128297758
2011-09-27 23:00:00,66.09676819463678
2011-09-28 00:00:00,27.762628497649832
2011-09-28 01:00:00,12.480488036904562
2011-09-28 02:00:00,5.6348532143433205
2011-09-28 03:00:00,4.5082499859484875
2011-09-28 04:00:00,5.273204642361379
2011-09-28 05:00:00,17.769794473850503
2011-09-28 06:00:00,60.13877921977392
2011-09-28 07:00:00,146.1839156807717
2011-09-28 08:00:00,195.23637557783047
2011-09-28 09:00:00,129.76885357260545
2011-09-28 10:00:00,54.4007446642344
2011-09-28 11:00:00,134.59792264370077
2011-09-28 12:00:00,149.2707735138519
2011-09-28 13:00:00,163.41747362988636
2011-09-28 14:00:00,165.62454032929531
2011-09-28 15:00:00,165.42633495112327
2011-09-28 16:00:00,286.280737655961
2011-09-28 17:00:00,499.98881926167707
2011-09-28 18:00:00,342.65377520972726
2011-09-28 19:00:00,272.4010390919489
2011-09-28 20:00:00,127.07770494537728
2011-09-28 21:00:00,112.24219258750776
2011-09-28 22:00:00,129.66347769318475
2011-09-28 23:00:00,67.80218581613627
2011-09-29 00:00:00,22.834470832300102
2011-09-29 01:00:00,10.049792601590504
2011-09-29 02:00:00,6.413827593523633
2011-09-29 03:00:00,4.7202719483710895
2011-09-29 04:00:00,5.097879788823933
2011-09-29 05:00:00,21.3710171913222
2011-09-29 06:00:00,113.77395515444924
2011-09-29 07:00:00,255.6598779543953
2011-09-29 08:00:00,418.33301094549097
2011-09-29 09:00:00,195.33986801054868
2011-09-29 10:00:00,144.05999243196788
2011-09-29 11:00:00,146.03834894587865
2011-09-29 12:00:00,165.82386021406708
2011-09-29 13:00:00,165.82386021406708
2011-09-29 14:00:00,165.62454032929531
2011-09-29 15:00:00,165.54318729373014
2011-09-29 16:00:00,286.5343743676178
2011-09-29 17:00:00,508.38146033419633
2011-09-29 18:00:00,507.8199999659232
2011-09-29 19:00:00,360.8363330422897
2011-09-29 20:00:00,281.0702007020049
2011-09-29 21:00:00,183.62518513287003
2011-09-29 22:00:00,137.72993320677588
2011-09-29 23:00:00,102.83304227267939
2011-09-30 00:00:00,50.528746795753676
2011-09-30 01:00:00,24.950441470826277
2011-09-30 02:00:00,10.067223646924543
2011-09-30 03:00:00,5.63032934986609
2011-09-30 04:00:00,5.595819932299861
2011-09-30 05:00:00,24.731333994122195
2011-09-30 06:00:00,88.3011153669794
2011-09-30 07:00:00,277.606290735089
2011-09-30 08:00:00,388.39042573348564
2011-09-30 09:00:00,204.33625025992083
2011-09-30 10:00:00,178.61810589819586
2011-09-30 11:00:00,182.2452671532384
2011-09-30 12:00:00,220.54772797161624
2011-09-30 13:00:00,219.54231655724084
2011-09-30 14:00:00,220.10589333112102
2011-09-30 15:00:00,220.59386254955936
2011-09-30 16:00:00,344.28496669968473
2011-09-30 17:00:00,505.1395721986619
2011-09-30 18:00:00,498.5836059305221
2011-09-30 19:00:00,316.87265286478896
2011-09-30 20:00:00,199.34168019041277
2011-09-30 21:00:00,169.16419129783972
2011-09-30 22:00:00,118.35350599153897
2011-09-30 23:00:00,107.23129602149453
2011-10-20 00:00:00,21.6582668081411
2011-10-20 01:00:00,13.307705887192524
2011-10-20 02:00:00,6.341822022233381
2011-10-20 03:00:00,4.746091014654411
2011-10-20 04:00:00,4.961377436801259
2011-10-20 05:00:00,25.45931523121353
2011-10-20 06:00:00,85.38617763707423
2011-10-20 07:00:00,273.12434499575096
2011-10-20 08:00:00,334.32244467693704
2011-10-20 09:00:00,193.36345153627553
2011-10-20 10:00:00,146.4974421640867
2011-10-20 11:00:00,146.3645813190704
2011-10-20 12:00:00,165.02123101182235
2011-10-20 13:00:00,165.31740631833105
2011-10-20 14:00:00,164.8599877370749
2011-10-20 15:00:00,165.13851161764427
2011-10-20 16:00:00,262.68216052978096
2011-10-20 17:00:00,434.47449762436935
2011-10-20 18:00:00,410.80913480161973
2011-10-20 19:00:00,288.6252050219752
2011-10-20 20:00:00,210.74846659172084
2011-10-20 21:00:00,143.48810731794742
2011-10-20 22:00:00,114.0672800989789
2011-10-20 23:00:00,87.64842329619754
2011-10-21 00:00:00,47.49082504119705
2011-10-21 01:00:00,24.589200431995362
2011-10-21 02:00:00,12.672817814993468
2011-10-21 03:00:00,5.1660726681565095
2011-10-21 04:00:00,5.155159681290194
2011-10-21 05:00:00,25.08410113119688
2011-10-21 06:00:00,88.2025990488915
2011-10-21 07:00:00,234.471766872329
2011-10-21 08:00:00,346.7051989163866
2011-10-21 09:00:00,199.37394542492478
2011-10-21 10:00:00,173.76665830942838
2011-10-21 11:00:00,182.45108704602433
2011-10-21 12:00:00,216.40516616869547
2011-10-21 13:00:00,214.7822169613326
2011-10-21 14:00:00,216.40516616869547
2011-10-21 15:00:00,216.77600060683906
2011-10-21 16:00:00,305.7905702216185
2011-10-21 17:00:00,412.21058611037256
2011-10-21 18:00:00,391.38395063773885
2011-10-21 19:00:00,274.2828975743157
2011-10-21 20:00:00,185.718380193116
2011-10-21 21:00:00,145.01700461807334
2011-10-21 22:00:00,117.73345851219484
2011-10-21 23:00:00,92.14168227974785
2011-10-22 00:00:00,83.95929861849781
2011-10-22 01:00:00,68.4175050874956
2011-10-22 02:00:00,60.235305954837884
2011-10-22 03:00:00,24.88336130477259
2011-10-22 04:00:00,6.700341176345239
2011-10-22 05:00:00,7.072372387335999
2011-10-22 06:00:00,19.524194336740376
2011-10-22 07:00:00,49.04001283149456
2011-10-22 08:00:00,115.85818017165934
2011-10-22 09:00:00,180.54404456369133
2011-10-22 10:00:00,239.2926230183058
2011-10-22 11:00:00,283.0686750310013
2011-10-22 12:00:00,313.4232286588563
2011-10-22 13:00:00,342.3052081509598
2011-10-22 14:00:00,334.1201744485629
2011-10-22 15:00:00,335.14587906014606
2011-10-22 16:00:00,323.2843189578043
2011-10-22 17:00:00,277.7679139863158
2011-10-22 18:00:00,252.11268079392474
2011-10-22 19:00:00,224.53028582691434
2011-10-22 20:00:00,162.99516021790936
2011-10-22 21:00:00,122.57522848505899
2011-10-22 22:00:00,105.4644581414305
2011-10-22 23:00:00,92.58083308423895
2011-10-23 00:00:00,81.11376530836517
2011-10-23 01:00:00,70.40773835376801
2011-10-23 02:00:00,58.008274472328765
2011-10-23 03:00:00,29.620016015895587
2011-10-23 04:00:00,8.424014879113958
2011-10-23 05:00:00,7.72343223816544
2011-10-23 06:00:00,15.371995196775135
2011-10-23 07:00:00,39.348246056354
2011-10-23 08:00:00,91.12920287818673
2011-10-23 09:00:00,165.8059940834097
2011-10-23 10:00:00,238.11971976675832
2011-10-23 11:00:00,278.3933675139263
2011-10-23 12:00:00,339.69501587267735
2011-10-23 13:00:00,355.1917986776308
2011-10-23 14:00:00,355.1917986776308
2011-10-23 15:00:00,355.63644432324014
2011-10-23 16:00:00,332.13541966507086
2011-10-23 17:00:00,280.1452969097592
2011-10-23 18:00:00,264.2923741215881
2011-10-23 19:00:00,201.09837056426147
2011-10-23 20:00:00,151.92056560637457
2011-10-23 21:00:00,114.31227320841806
2011-10-23 22:00:00,86.53072424762321
2011-10-23 23:00:00,72.57106022004295
2011-10-24 00:00:00,30.592164008015665
2011-10-24 01:00:00,10.879221158603205
2011-10-24 02:00:00,4.758802178413893
2011-10-24 03:00:00,5.440879950935346
2011-10-24 04:00:00,5.574122285827585
2011-10-24 05:00:00,23.627867729359465
2011-10-24 06:00:00,94.98047752856243
2011-10-24 07:00:00,241.9976434594673
2011-10-24 08:00:00,321.5408025488684
2011-10-24 09:00:00,183.563331472327
2011-10-24 10:00:00,134.31817311757763
2011-10-24 11:00:00,145.16280892204074
2011-10-24 12:00:00,164.89396515315462
2011-10-24 13:00:00,165.2281448611726
2011-10-24 14:00:00,165.2281448611726
2011-10-24 15:00:00,165.46453529186272
2011-10-24 16:00:00,282.9125122645915
2011-10-24 17:00:00,466.4795948287193
2011-10-24 18:00:00,480.03339588509493
2011-10-24 19:00:00,256.81160396580594
2011-10-24 20:00:00,213.29261245073593
2011-10-24 21:00:00,153.9730011358414
2011-10-24 22:00:00,126.13028452366002
2011-10-24 23:00:00,66.23542626982449
2011-10-25 00:00:00,36.8458397135326
2011-10-25 01:00:00,13.723358101602239
2011-10-25 02:00:00,5.49879816873586
2011-10-25 03:00:00,4.976942199241908
2011-10-25 04:00:00,5.2041163859838
2011-10-25 05:00:00,23.9014541170416
2011-10-25 06:00:00,100.50806104425517
2011-10-25 07:00:00,267.4759803138781
2011-10-25 08:00:00,381.825071065596
2011-10-25 09:00:00,194.01369435568952
2011-10-25 10:00:00,144.73529330182126
2011-10-25 11:00:00,146.2299051101848
2011-10-25 12:00:00,165.23338552072178
2011-10-25 13:00:00,165.34500201000705
2011-10-25 14:00:00,165.34500201000705
2011-10-25 15:00:00,165.3447732214148
2011-10-25 16:00:00,285.6545399453639
2011-10-25 17:00:00,500.6936957755375
2011-10-25 18:00:00,469.70331001436386
2011-10-25 19:00:00,313.1029915287068
2011-10-25 20:00:00,219.00826260744188
2011-10-25 21:00:00,156.47656203566655
2011-10-25 22:00:00,136.83145230374743
2011-10-25 23:00:00,68.13678184120323
2011-10-26 00:00:00,38.55158844245405
2011-10-26 01:00:00,14.092515861506074
2011-10-26 02:00:00,7.412324447710173
2011-10-26 03:00:00,4.84741842961073
2011-10-26 04:00:00,4.709502965827769
2011-10-26 05:00:00,25.70719986989807
2011-10-26 06:00:00,109.40173006569368
2011-10-26 07:00:00,290.2801765498503
2011-10-26 08:00:00,377.2645438166139
2011-10-26 09:00:00,194.47177174319881
2011-10-26 10:00:00,144.5937521519632
2011-10-26 11:00:00,146.2299051101848
2011-10-26 12:00:00,157.85725232354037
2011-10-26 13:00:00,153.3869039959971
2011-10-26 14:00:00,159.06680714799802
2011-10-26 15:00:00,159.45803829712963
2011-10-26 16:00:00,240.3639190083118
2011-10-26 17:00:00,415.21602821945544
2011-10-26 18:00:00,421.83337315194046
2011-10-26 19:00:00,274.6121948996392
2011-10-26 20:00:00,166.15646038228755
2011-10-26 21:00:00,176.51549744373068
2011-10-26 22:00:00,122.50708224746063
2011-10-26 23:00:00,66.64794857852667
2011-10-27 00:00:00,29.543219028267057
2011-10-27 01:00:00,11.321355074070919
2011-10-27 02:00:00,5.873375885174319
2011-10-27 03:00:00,3.097650422835609
2011-10-27 04:00:00,4.099863919778911
2011-10-27 05:00:00,17.27595077499366
2011-10-27 06:00:00,61.16218792800468
2011-10-27 07:00:00,229.51213562592952
2011-10-27 08:00:00,167.17385384320494
2011-10-27 09:00:00,188.60412845467732
2011-10-27 10:00:00,89.84366691965963
2011-10-27 11:00:00,88.18778892091473
2011-10-27 12:00:00,85.53757917014661
2011-10-27 13:00:00,134.4335674830695
2011-10-27 14:00:00,143.62545796524466
2011-10-27 15:00:00,146.39591215028273
2011-10-27 16:00:00,269.844445648904
2011-10-27 17:00:00,389.1108261861757
2011-10-27 18:00:00,421.3713850858901
2011-10-27 19:00:00,271.1927952641161
2011-10-27 20:00:00,200.26220032811688
2011-10-27 21:00:00,72.95015208029801
2011-10-27 22:00:00,38.65963524335084
2011-10-27 23:00:00,37.291459956141146
2011-10-28 00:00:00,39.68764933864546
2011-10-28 01:00:00,18.01245136930174
2011-10-28 02:00:00,10.9998603301845
2011-10-28 03:00:00,3.2734354753375987
2011-10-28 04:00:00,3.4125818935735706
2011-10-28 05:00:00,23.062235315346108
2011-10-28 06:00:00,87.57452278802813
2011-10-28 07:00:00,180.29530937146842
2011-10-28 08:00:00,260.74605833414154
2011-10-28 09:00:00,163.44259549301736
2011-10-28 10:00:00,127.49672710708924
2011-10-28 11:00:00,155.65566169760845
2011-10-28 12:00:00,186.72088438820458
2011-10-28 13:00:00,185.40670770319898
2011-10-28 14:00:00,163.01308231692428
2011-10-28 15:00:00,162.06471274483528
2011-10-28 16:00:00,216.25688587170953
2011-10-28 17:00:00,311.9009057101072
2011-10-28 18:00:00,309.29725252388937
2011-10-28 19:00:00,223.7514987201781
2011-10-28 20:00:00,132.18654621531874
2011-10-28 21:00:00,79.49463362369954
2011-10-28 22:00:00,62.99581531575177
2011-10-28 23:00:00,51.916963673124755
2011-10-29 00:00:00,42.27770691754654
2011-10-29 01:00:00,36.268290068086706
2011-10-29 02:00:00,36.60604307865239
2011-10-29 03:00:00,9.978776620907047
2011-10-29 04:00:00,4.289036129179727
2011-10-29 05:00:00,3.2715646937169174
2011-10-29 06:00:00,13.524651325323157
2011-10-29 07:00:00,35.456507062477804
2011-10-29 08:00:00,72.75491617349296
2011-10-29 09:00:00,85.49776095783153
2011-10-29 10:00:00,85.80243081208377
2011-10-29 11:00:00,88.0007531493309
2011-10-29 12:00:00,94.41055054836517
2011-10-29 13:00:00,90.81130163377486
2011-10-29 14:00:00,94.86537617893526
2011-10-29 15:00:00,84.85273532853165
2011-10-29 16:00:00,84.50963936955948
2011-10-29 17:00:00,86.23234652518343
2011-10-29 18:00:00,82.32134357477923
2011-10-29 19:00:00,109.71901653942855
2011-10-29 20:00:00,94.54648943273148
2011-10-29 21:00:00,66.70026956447661
2011-10-29 22:00:00,58.317855508255036
2011-10-29 23:00:00,52.05646903979132
2011-10-30 00:00:00,60.46882168100693
2011-10-30 01:00:00,45.49365401166352
2011-10-30 02:00:00,38.70550775144896
2011-10-30 03:00:00,11.214740893173012
2011-10-30 04:00:00,3.2289806967376435
2011-10-30 05:00:00,3.174202281539571
2011-10-30 06:00:00,11.207325364962442
2011-10-30 07:00:00,27.55873652318156
2011-10-30 08:00:00,73.92116514387854
2011-10-30 09:00:00,127.43243739682192
2011-10-30 10:00:00,187.27567926764078
2011-10-30 11:00:00,234.31087490013303
2011-10-30 12:00:00,283.3930183749028
2011-10-30 13:00:00,288.16455835831215
2011-10-30 14:00:00,310.49720838197163
2011-10-30 15:00:00,313.47136545933586
2011-10-30 16:00:00,294.84874298164846
2011-10-30 17:00:00,255.63236123098685
2011-10-30 18:00:00,202.9630821196326
2011-10-30 19:00:00,297.6834446067494
2011-10-30 20:00:00,113.23778193223599
2011-10-30 21:00:00,82.47996498508655
2011-10-30 22:00:00,58.510700707112434
2011-10-30 23:00:00,42.0256486421286
2011-10-31 00:00:00,18.24154793258645
2011-10-31 01:00:00,8.289650153390253
2011-10-31 02:00:00,3.1029509966157276
2011-10-31 03:00:00,3.6173954577315497
2011-10-31 04:00:00,3.907164998950538
2011-10-31 05:00:00,22.117582972185343
2011-10-31 06:00:00,93.35308018585796
2011-10-31 07:00:00,213.1743832360362
2011-10-31 08:00:00,305.71896231405924
2011-10-31 09:00:00,156.52594661541593
2011-10-31 10:00:00,132.52125586677658
2011-10-31 11:00:00,146.81084894433027
2011-10-31 12:00:00,164.41967099664768
2011-10-31 13:00:00,160.55309877219446
2011-10-31 14:00:00,160.7634285490877
2011-10-31 15:00:00,169.14954557625117
2011-10-31 16:00:00,256.58072353383614
2011-10-31 17:00:00,417.7189030048753
2011-10-31 18:00:00,382.24537320327465
2011-10-31 19:00:00,278.64355686902366
2011-10-31 20:00:00,199.36833544512126
2011-10-31 21:00:00,121.49883434547414
2011-10-31 22:00:00,91.01511181993664
2011-10-31 23:00:00,54.82473154859986
2011-11-20 00:00:00,80.82070635425751
2011-11-20 01:00:00,65.95893176622434
2011-11-20 02:00:00,62.427576098391285
2011-11-20 03:00:00,25.948622416632947
2011-11-20 04:00:00,5.8130112879056215
2011-11-20 05:00:00,6.128094326199751
2011-11-20 06:00:00,14.907240971982032
2011-11-20 07:00:00,49.37513000044219
2011-11-20 08:00:00,102.033940656709
2011-11-20 09:00:00,173.979721651853
2011-11-20 10:00:00,231.68777134465228
2011-11-20 11:00:00,328.9615725263461
2011-11-20 12:00:00,337.9575606566072
2011-11-20 13:00:00,356.9568512116343
2011-11-20 14:00:00,352.69339723193883
2011-11-20 15:00:00,342.8225725642525
2011-11-20 16:00:00,324.6558400318472
2011-11-20 17:00:00,285.17622176714156
2011-11-20 18:00:00,283.1950597378024
2011-11-20 19:00:00,229.595458206431
2011-11-20 20:00:00,180.05115467829813
2011-11-20 21:00:00,133.09769361117984
2011-11-20 22:00:00,56.750171643427024
2011-11-20 23:00:00,52.539276070990226
2011-11-21 00:00:00,27.252180700456588
2011-11-21 01:00:00,6.56294249227275
2011-11-21 02:00:00,5.302305728909971
2011-11-21 03:00:00,3.1415790500702783
2011-11-21 04:00:00,3.3895193421263734
2011-11-21 05:00:00,14.626305306802628
2011-11-21 06:00:00,81.0421570899435
2011-11-21 07:00:00,240.48622807172592
2011-11-21 08:00:00,271.9639921652263
2011-11-21 09:00:00,130.76161832992062
2011-11-21 10:00:00,129.31343258447006
2011-11-21 11:00:00,133.9267545297075
2011-11-21 12:00:00,158.5199114076496
2011-11-21 13:00:00,158.15176761169587
2011-11-21 14:00:00,145.41803812957784
2011-11-21 15:00:00,51.662409049661605
2011-11-21 16:00:00,70.99178572087193
2011-11-21 17:00:00,70.65848987984731
2011-11-21 18:00:00,125.46538521978881
2011-11-21 19:00:00,86.63961046582389
2011-11-21 20:00:00,107.22095669242172
2011-11-21 21:00:00,93.1609427234556
2011-11-21 22:00:00,65.20334134853955
2011-11-21 23:00:00,47.17643183508963
2011-11-22 00:00:00,18.593832797121916
2011-11-22 01:00:00,6.741408942420531
2011-11-22 02:00:00,4.611357475173392
2011-11-22 03:00:00,3.0729023622923357
2011-11-22 04:00:00,3.550568366943727
2011-11-22 05:00:00,15.240213207163375
2011-11-22 06:00:00,85.3131512388709
2011-11-22 07:00:00,101.84508988518861
2011-11-22 08:00:00,118.17938182661223
2011-11-22 09:00:00,80.71688402987233
2011-11-22 10:00:00,57.43284209464106
2011-11-22 11:00:00,60.491103309485304
2011-11-22 12:00:00,59.77095300922672
2011-11-22 13:00:00,51.85024889182135
2011-11-22 14:00:00,50.586316526130865
2011-11-22 15:00:00,48.94720372642932
2011-11-22 16:00:00,69.98332797233161
2011-11-22 17:00:00,80.44471289843175
2011-11-22 18:00:00,82.59522628238665
2011-11-22 19:00:00,131.67510032866625
2011-11-22 20:00:00,152.0605247464122
2011-11-22 21:00:00,117.41085584819251
2011-11-22 22:00:00,114.65090708389968
2011-11-22 23:00:00,68.2432802365976
2011-11-23 00:00:00,21.387053688338693
2011-11-23 01:00:00,9.802839382821283
2011-11-23 02:00:00,4.417539739094517
2011-11-23 03:00:00,3.1829104196792963
2011-11-23 04:00:00,4.20350767480162
2011-11-23 05:00:00,18.853306744616802
2011-11-23 06:00:00,80.89342889167459
2011-11-23 07:00:00,192.39005899656615
2011-11-23 08:00:00,266.58900981993645
2011-11-23 09:00:00,141.84586621315663
2011-11-23 10:00:00,98.76660257586883
2011-11-23 11:00:00,145.16280892204074
2011-11-23 12:00:00,165.13122187922906
2011-11-23 13:00:00,160.12023745310137
2011-11-23 14:00:00,165.86167390619985
2011-11-23 15:00:00,161.96791795863842
2011-11-23 16:00:00,227.64084153356222
2011-11-23 17:00:00,215.1316364680875
2011-11-23 18:00:00,360.78147102858486
2011-11-23 19:00:00,263.62984952405805
2011-11-23 20:00:00,172.64480285241774
2011-11-23 21:00:00,49.56142513254902
2011-11-23 22:00:00,37.756728584385684
2011-11-23 23:00:00,57.45948586243564
2011-11-24 00:00:00,52.306953011877006
2011-11-24 01:00:00,28.01334778183488
2011-11-24 02:00:00,14.251899319638792
2011-11-24 03:00:00,6.659705531995744
2011-11-24 04:00:00,6.548245970010055
2011-11-24 05:00:00,9.870567750925302
2011-11-24 06:00:00,35.21995325010411
2011-11-24 07:00:00,119.38171992154216
2011-11-24 08:00:00,228.60898036332992
2011-11-24 09:00:00,194.36230647531846
2011-11-24 10:00:00,204.94828070700012
2011-11-24 11:00:00,269.3502615237333
2011-11-24 12:00:00,300.05397252762765
2011-11-24 13:00:00,325.80110405032883
2011-11-24 14:00:00,327.49844062438945
2011-11-24 15:00:00,327.2447421287948
2011-11-24 16:00:00,296.86223655713746
2011-11-24 17:00:00,409.14978252463135
2011-11-24 18:00:00,340.96129205118405
2011-11-24 19:00:00,245.08081668457135
2011-11-24 20:00:00,154.10498990902937
2011-11-24 21:00:00,117.93354239589506
2011-11-24 22:00:00,99.15317207180308
2011-11-24 23:00:00,74.38080395756225
2011-11-25 00:00:00,37.986259092239536
2011-11-25 01:00:00,17.99816805990821
2011-11-25 02:00:00,9.452429985578492
2011-11-25 03:00:00,3.8202867297205496
2011-11-25 04:00:00,4.344107159121843
2011-11-25 05:00:00,23.3638653544482
2011-11-25 06:00:00,80.85992379607012
2011-11-25 07:00:00,251.9843593753893
2011-11-25 08:00:00,322.3562565641629
2011-11-25 09:00:00,203.5998316554669
2011-11-25 10:00:00,158.82047279237426
2011-11-25 11:00:00,170.25710944063837
2011-11-25 12:00:00,206.01990721092312
2011-11-25 13:00:00,216.70767542465632
2011-11-25 14:00:00,216.70767542465632
2011-11-25 15:00:00,217.10019582685615
2011-11-25 16:00:00,305.5593127663749
2011-11-25 17:00:00,451.87270804803427
2011-11-25 18:00:00,422.26733864152294
2011-11-25 19:00:00,277.26881748923523
2011-11-25 20:00:00,185.03142541945027
2011-11-25 21:00:00,130.2793842726534
2011-11-25 22:00:00,104.84756258432861
2011-11-25 23:00:00,80.2944258020847
2011-11-26 00:00:00,77.4110965799397
2011-11-26 01:00:00,71.15567037381936
2011-11-26 02:00:00,50.064449528219356
2011-11-26 03:00:00,22.755846283386006
2011-11-26 04:00:00,7.09871919255012
2011-11-26 05:00:00,6.344641989036565
2011-11-26 06:00:00,16.30538698027099
2011-11-26 07:00:00,33.962423204768726
2011-11-26 08:00:00,121.77957869696287
2011-11-26 09:00:00,173.92286582791658
2011-11-26 10:00:00,219.71759915660925
2011-11-26 11:00:00,271.35507244961997
2011-11-26 12:00:00,309.1338497703087
2011-11-26 13:00:00,336.869483066493
2011-11-26 14:00:00,334.34846740674135
2011-11-26 15:00:00,341.8211195388036
2011-11-26 16:00:00,306.42825089878
2011-11-26 17:00:00,270.88626676083743
2011-11-26 18:00:00,236.90548013789964
2011-11-26 19:00:00,198.67886405546895
2011-11-26 20:00:00,161.11109527603344
2011-11-26 21:00:00,119.6559792520722
2011-11-26 22:00:00,103.01163382854591
2011-11-26 23:00:00,79.88311942806406
2011-11-27 00:00:00,86.59079228813678
2011-11-27 01:00:00,81.03315760558613
2011-11-27 02:00:00,54.715321505156574
2011-11-27 03:00:00,31.483689028635958
2011-11-27 04:00:00,7.348923231744928
2011-11-27 05:00:00,6.359144464661001
2011-11-27 06:00:00,14.838109499611072
2011-11-27 07:00:00,49.272652596298464
2011-11-27 08:00:00,101.41271010774281
2011-11-27 09:00:00,173.07260561057478
2011-11-27 10:00:00,244.08374618321434
2011-11-27 11:00:00,326.2686843555124
2011-11-27 12:00:00,358.33505524979887
2011-11-27 13:00:00,357.63432177306424
2011-11-27 14:00:00,377.7257433344916
2011-11-27 15:00:00,377.68111361953515
2011-11-27 16:00:00,370.69065363054517
2011-11-27 17:00:00,296.4430294308796
2011-11-27 18:00:00,255.62555148753162
2011-11-27 19:00:00,232.73919225415875
2011-11-27 20:00:00,166.5754616567835
2011-11-27 21:00:00,124.11817914420489
2011-11-27 22:00:00,114.78719390328473
2011-11-27 23:00:00,78.44476051522955
2011-11-28 00:00:00,35.20211936893172
2011-11-28 01:00:00,13.488250501600222
2011-11-28 03:00:00,4.826584236730668
2011-11-28 04:00:00,5.6161868944741755
2011-11-28 05:00:00,23.600092767411635
2011-11-28 06:00:00,98.50859153304144
2011-11-28 07:00:00,261.861744702407
2011-11-28 08:00:00,277.4580845963897
2011-11-28 09:00:00,181.12301751870524
2011-11-28 10:00:00,142.516232209064
2011-11-28 11:00:00,145.7725756094137
2011-11-28 12:00:00,165.4647642451741
2011-11-28 13:00:00,165.38409711195186
2011-11-28 14:00:00,165.62454032929531
2011-11-28 15:00:00,165.46453529186272
2011-11-28 16:00:00,285.8087206102673
2011-11-28 17:00:00,501.87579512906717
2011-11-28 18:00:00,500.7512946452464
2011-11-28 19:00:00,321.5705925870585
2011-11-28 20:00:00,228.9295564194765
2011-11-28 21:00:00,182.5158293598065
2011-11-28 22:00:00,127.19083707171289
2011-11-28 23:00:00,65.44713431199783
2011-11-29 00:00:00,28.78419817880907
2011-11-29 01:00:00,11.912179725973921
2011-11-29 02:00:00,5.066304411278699
2011-11-29 03:00:00,4.586840533282025
2011-11-29 04:00:00,4.66186379241527
2011-11-29 05:00:00,24.38178185359836
2011-11-29 06:00:00,99.35989526236973
2011-11-29 07:00:00,298.049951583271
2011-11-29 08:00:00,417.52533853215357
2011-11-29 09:00:00,184.13998544381286
2011-11-29 10:00:00,133.3975188865949
2011-11-29 11:00:00,76.38230824283517
2011-11-29 12:00:00,105.25561225252345
2011-11-29 13:00:00,117.10548927016612
2011-11-29 14:00:00,57.80600601970624
2011-11-29 15:00:00,76.03588895676481
2011-11-29 16:00:00,101.75628738734154
2011-11-29 17:00:00,245.23402058497126
2011-11-29 18:00:00,302.4737339989756
2011-11-29 19:00:00,240.75447065016948
2011-11-29 20:00:00,170.98460847236257
2011-11-29 21:00:00,139.83848140290303
2011-11-29 22:00:00,101.73120993113776
2011-11-29 23:00:00,32.86689562229332
2011-11-30 00:00:00,27.439069450303965
2011-11-30 01:00:00,12.520655180720238
2011-11-30 02:00:00,5.102848422071081
2011-11-30 03:00:00,4.378653624683921
2011-11-30 04:00:00,4.510222311450967
2011-11-30 05:00:00,23.49534652103223
2011-11-30 06:00:00,90.0127093420931
2011-11-30 07:00:00,237.36575023492435
2011-11-30 08:00:00,315.6944079878973
2011-11-30 09:00:00,186.67498496431023
2011-11-30 10:00:00,136.22195839592845
2011-11-30 11:00:00,146.36940713623056
2011-11-30 12:00:00,151.60961822911545
2011-11-30 13:00:00,156.04606393802217
2011-11-30 14:00:00,155.97209668787667
2011-11-30 15:00:00,159.5020277430365
2011-11-30 16:00:00,224.23783294774182
2011-11-30 17:00:00,295.8429166662903
2011-11-30 18:00:00,306.58043464912237
2011-11-30 19:00:00,233.81752554102323
2011-11-30 20:00:00,165.28956397379068
2011-11-30 21:00:00,61.12855487724037
2011-11-30 22:00:00,96.3286936576581
2011-11-30 23:00:00,57.79501049428691
2011-12-20 00:00:00,26.201287568830004
2011-12-20 01:00:00,11.195947210209445
2011-12-20 02:00:00,5.289249511131029
2011-12-20 03:00:00,4.294518853835209
2011-12-20 04:00:00,4.607166075476231
2011-12-20 05:00:00,22.377969512989804
2011-12-20 06:00:00,92.00039667076521
2011-12-20 07:00:00,261.2396005190791
2011-12-20 08:00:00,380.25790187009926
2011-12-20 09:00:00,197.07333607955016
2011-12-20 10:00:00,143.68771699158947
2011-12-20 11:00:00,144.86159468491442
2011-12-20 12:00:00,160.4834679180331
2011-12-20 13:00:00,160.4834679180331
2011-12-20 14:00:00,160.43414891843747
2011-12-20 15:00:00,164.20343070940996
2011-12-20 16:00:00,258.2927272089177
2011-12-20 17:00:00,385.68023447334883
2011-12-20 18:00:00,372.48499749061057
2011-12-20 19:00:00,273.9325519598988
2011-12-20 20:00:00,186.0494848052355
2011-12-20 21:00:00,138.82289673596452
2011-12-20 22:00:00,103.15754477238747
2011-12-20 23:00:00,63.83910704123229
2011-12-21 00:00:00,23.991860593050404
2011-12-21 01:00:00,12.249819837517478
2011-12-21 02:00:00,5.294813725181278
2011-12-21 03:00:00,4.076856610372607
2011-12-21 04:00:00,4.0883800888773
2011-12-21 05:00:00,18.46423043476757
2011-12-21 06:00:00,84.84757660592503
2011-12-21 07:00:00,232.59132568269936
2011-12-21 08:00:00,105.84658124335478
2011-12-21 09:00:00,162.1126104498202
2011-12-21 10:00:00,131.3731456430427
2011-12-21 11:00:00,132.27522457853723
2011-12-21 12:00:00,62.17027091734407
2011-12-21 13:00:00,37.078521578210534
2011-12-21 14:00:00,128.44158348393583
2011-12-21 15:00:00,131.85678396033214
2011-12-21 16:00:00,45.419781770274966
2011-12-21 17:00:00,52.714845655718555
2011-12-21 18:00:00,141.12421004720852
2011-12-21 19:00:00,138.5303079827591
2011-12-21 20:00:00,117.88141844168898
2011-12-21 21:00:00,138.6642428406444
2011-12-21 22:00:00,122.490935812852
2011-12-21 23:00:00,71.34602230615818
2011-12-22 00:00:00,34.656611020367315
2011-12-22 01:00:00,11.25158282995616
2011-12-22 02:00:00,7.491795874887157
2011-12-22 03:00:00,4.711902534812047
2011-12-22 04:00:00,4.767603761960402
2011-12-22 05:00:00,21.104822000922
2011-12-22 06:00:00,85.65100193688156
2011-12-22 07:00:00,235.50133459634452
2011-12-22 08:00:00,311.4852772055067
2011-12-22 09:00:00,167.9900151008617
2011-12-22 10:00:00,123.88498915068176
2011-12-22 11:00:00,135.63845902552126
2011-12-22 12:00:00,163.28219765068212
2011-12-22 13:00:00,160.47397747160747
2011-12-22 14:00:00,161.0326864214721
2011-12-22 15:00:00,164.10887205869778
2011-12-22 16:00:00,245.5095654202655
2011-12-22 17:00:00,359.62832772072244
2011-12-22 18:00:00,365.62806295669037
2011-12-22 19:00:00,264.5882550286714
2011-12-22 20:00:00,112.50557847392976
2011-12-22 21:00:00,98.10840160929604
2011-12-22 22:00:00,60.44865194530372
2011-12-22 23:00:00,53.43566323898294
2011-12-23 00:00:00,26.97653081528884
2011-12-23 01:00:00,17.091310975517715
2011-12-23 02:00:00,7.685517330736385
2011-12-23 03:00:00,3.2245604049097314
2011-12-23 04:00:00,2.9870943245206543
2011-12-23 05:00:00,19.44394381342413
2011-12-23 06:00:00,77.21397333470424
2011-12-23 07:00:00,235.15735503570136
2011-12-23 08:00:00,313.7728945320597
2011-12-23 09:00:00,189.11042735838248
2011-12-23 10:00:00,151.01837369490192
2011-12-23 11:00:00,155.2256268922019
2011-12-23 12:00:00,173.82746557511655
2011-12-23 13:00:00,174.94831442526518
2011-12-23 14:00:00,174.25767899528557
2011-12-23 15:00:00,174.07128015115777
2011-12-23 16:00:00,225.7575976570333
2011-12-23 17:00:00,305.8912708851078
2011-12-23 18:00:00,304.2376869371282
2011-12-23 19:00:00,217.4087355095435
2011-12-23 20:00:00,135.8886918689582
2011-12-23 21:00:00,106.04250489220509
2011-12-23 22:00:00,85.99226728040443
2011-12-23 23:00:00,72.59988205556677
2011-12-24 00:00:00,75.44262980576006
2011-12-24 01:00:00,70.68183412199488
2011-12-24 02:00:00,53.577287251210166
2011-12-24 03:00:00,23.97335512762492
2011-12-24 04:00:00,5.591795234229476
2011-12-24 05:00:00,5.261447055166077
2011-12-24 06:00:00,8.161076946340335
2011-12-24 07:00:00,34.08869064028042
2011-12-24 08:00:00,81.91166365245351
2011-12-24 09:00:00,146.38327865611765
2011-12-24 10:00:00,169.78382863807084
2011-12-24 11:00:00,190.98427022094967
2011-12-24 12:00:00,213.38920415688784
2011-12-24 13:00:00,212.93818830208477
2011-12-24 14:00:00,213.16078364981325
2011-12-24 15:00:00,198.58926732626182
2011-12-24 16:00:00,205.73300490233026
2011-12-24 17:00:00,163.86575655873352
2011-12-24 18:00:00,171.02168565666017
2011-12-24 19:00:00,149.93722843281014
2011-12-24 20:00:00,103.11002281877435
2011-12-24 21:00:00,83.08996260151343
2011-12-24 22:00:00,74.59589323844887
2011-12-24 23:00:00,54.89845533491626
2011-12-25 00:00:00,67.36076678928404
2011-12-25 01:00:00,57.94259125499335
2011-12-25 02:00:00,46.20627220981737
2011-12-25 03:00:00,16.098350716709078
2011-12-25 05:00:00,4.438369589003201
2011-12-25 06:00:00,5.0921818163895995
2011-12-25 07:00:00,22.957978387004626
2011-12-25 08:00:00,59.71704272622148
2011-12-25 09:00:00,97.49363093964814
2011-12-25 10:00:00,131.41302760390556
2011-12-25 11:00:00,163.0462938650015
2011-12-25 12:00:00,157.86942432185708
2011-12-25 13:00:00,179.35984984125378
2011-12-25 14:00:00,204.1942577304788
2011-12-25 15:00:00,218.2946172522451
2011-12-25 16:00:00,225.33284633250784
2011-12-25 17:00:00,204.32461640375365
2011-12-25 18:00:00,163.4322180602912
2011-12-25 19:00:00,157.93533097161452
2011-12-25 20:00:00,117.2666572463702
2011-12-25 21:00:00,71.20814778811203
2011-12-25 22:00:00,54.83685917210263
2011-12-25 23:00:00,41.803761046621524
2011-12-26 00:00:00,44.60854577273902
2011-12-26 01:00:00,35.70990072233363
2011-12-26 02:00:00,15.691284420612275
2011-12-26 04:00:00,5.828228498220022
2011-12-26 05:00:00,7.426283588778615
2011-12-26 06:00:00,17.124378254763247
2011-12-26 07:00:00,102.33610374657093
2011-12-26 08:00:00,175.92642735892355
2011-12-26 09:00:00,158.3861147001768
2011-12-26 10:00:00,161.5574700979048
2011-12-26 11:00:00,151.3239441744753
2011-12-26 12:00:00,189.3248851567442
2011-12-26 13:00:00,228.65514708824054
2011-12-26 14:00:00,227.27691542852492
2011-12-26 15:00:00,229.78373082075012
2011-12-26 16:00:00,212.5283270404796
2011-12-26 17:00:00,242.5627015856081
2011-12-26 18:00:00,232.6650034042188
2011-12-26 19:00:00,177.77880226541834
2011-12-26 20:00:00,125.02559804651814
2011-12-26 21:00:00,87.28748307712868
2011-12-26 22:00:00,68.85934231265699
2011-12-26 23:00:00,44.57978580569048
2011-12-27 00:00:00,17.268866588083103
2011-12-27 01:00:00,8.12565533978718
2011-12-27 02:00:00,3.8666824536147706
2011-12-27 03:00:00,3.80592061803209
2011-12-27 04:00:00,3.8814383512419526
2011-12-27 05:00:00,16.01023007803023
2011-12-27 06:00:00,79.1227898336639
2011-12-27 07:00:00,193.87747469569604
2011-12-27 08:00:00,266.1709553726311
2011-12-27 09:00:00,101.50552833369323
2011-12-27 10:00:00,120.66469282705803
2011-12-27 11:00:00,80.76992057975134
2011-12-27 12:00:00,73.83951547763557
2011-12-27 13:00:00,62.71279671384347
2011-12-27 14:00:00,76.34312996740785
2011-12-27 15:00:00,76.89115388514311
2011-12-27 16:00:00,67.76996379159964
2011-12-27 17:00:00,88.87976835119129
2011-12-27 18:00:00,228.05603575508522
2011-12-27 19:00:00,195.2017485186073
2011-12-27 20:00:00,138.1022340725826
2011-12-27 21:00:00,114.79324430105336
2011-12-27 22:00:00,83.998037594698
2011-12-27 23:00:00,47.975147271522246
2011-12-28 00:00:00,17.460211505905804
2011-12-28 01:00:00,11.59025870409955
2011-12-28 02:00:00,5.101077417638744
2011-12-28 03:00:00,3.772703805351392
2011-12-28 05:00:00,17.25271061287905
2011-12-28 06:00:00,78.06682656804519
2011-12-28 07:00:00,199.61145220283822
2011-12-28 08:00:00,283.30125299915585
2011-12-28 09:00:00,172.79417079180294
2011-12-28 10:00:00,122.84734698309444
2011-12-28 11:00:00,130.48851185238033
2011-12-28 12:00:00,127.76376019483224
2011-12-28 13:00:00,138.4648245773562
2011-12-28 14:00:00,135.66791776918078
2011-12-28 15:00:00,139.07811294367644
2011-12-28 16:00:00,179.16577287902737
2011-12-28 17:00:00,259.2330293122882
2011-12-28 18:00:00,229.63721311943544
2011-12-28 19:00:00,173.79989552307447
2011-12-28 20:00:00,132.7137784039673
2011-12-28 21:00:00,93.40745252252276
2011-12-28 22:00:00,73.32427772734947
2011-12-28 23:00:00,43.87686393131834
2011-12-29 00:00:00,21.525594641757564
2011-12-29 01:00:00,9.696806414151022
2011-12-29 02:00:00,5.783439970119177
2011-12-29 03:00:00,3.384319059771584
2011-12-29 04:00:00,3.4903663199635133
2011-12-29 05:00:00,18.907467162055987
2011-12-29 06:00:00,75.38342007488323
2011-12-29 07:00:00,185.04818726169154
2011-12-29 08:00:00,251.96990715991822
2011-12-29 09:00:00,188.0191307034535
2011-12-29 10:00:00,100.69267545463597
2011-12-29 11:00:00,107.11283894291938
2011-12-29 12:00:00,117.5771408690319
2011-12-29 13:00:00,119.96617997856794
2011-12-29 14:00:00,128.16487699402444
2011-12-29 15:00:00,126.2436472556031
2011-12-29 16:00:00,176.65881500004693
2011-12-29 17:00:00,266.4711397036294
2011-12-29 18:00:00,268.33479523274315
2011-12-29 19:00:00,203.99247913292618
2011-12-29 20:00:00,138.9692448087465
2011-12-29 21:00:00,109.89385361425495
2011-12-29 22:00:00,83.79844010280956
2011-12-29 23:00:00,63.91230613318156
2011-12-30 00:00:00,27.519885454039358
2011-12-30 01:00:00,11.961934893979336
2011-12-30 02:00:00,9.472626889322775
2011-12-30 03:00:00,3.1206192656989855
2011-12-30 04:00:00,3.0814423978483387
2011-12-30 05:00:00,19.000631916428343
2011-12-30 06:00:00,70.25825103096236
2011-12-30 07:00:00,193.86246086402014
2011-12-30 08:00:00,258.5366157481423
2011-12-30 09:00:00,188.24256069236395
2011-12-30 10:00:00,115.45766803754861
2011-12-30 11:00:00,129.3185687196623
2011-12-30 12:00:00,145.2112217378547
2011-12-30 13:00:00,150.89360189241992
2011-12-30 14:00:00,167.31802805517978
2011-12-30 15:00:00,190.5931996083056
2011-12-30 16:00:00,254.2418472174464
2011-12-30 17:00:00,337.7490586196145
2011-12-30 18:00:00,308.61362269472676
2011-12-30 19:00:00,200.81237882062447
2011-12-30 20:00:00,154.20634668924689
2011-12-30 21:00:00,114.63307781555133
2011-12-30 22:00:00,91.02070979414137
2011-12-30 23:00:00,71.53383781617669
2011-12-31 00:00:00,67.24770437976461
2011-12-31 01:00:00,62.67823861708382
2011-12-31 02:00:00,53.37743708546209
2011-12-31 03:00:00,20.140918894842105
2011-12-31 04:00:00,4.898876712912
2011-12-31 05:00:00,4.68430569456096
2011-12-31 06:00:00,8.842474304456236
2011-12-31 07:00:00,45.158739512920704
2011-12-31 08:00:00,105.85740360449783
2011-12-31 09:00:00,153.78905396233318
2011-12-31 10:00:00,188.66407850945873
2011-12-31 11:00:00,240.6363320271683
2011-12-31 12:00:00,343.9581035513244
2011-12-31 13:00:00,331.78580660709645
2011-12-31 14:00:00,300.2582274302922
2011-12-31 15:00:00,299.5123951631389
2011-12-31 16:00:00,271.323983508759
2011-12-31 17:00:00,244.55772306093144
2011-12-31 18:00:00,224.9996423064623
2011-12-31 19:00:00,199.3149769309393
2011-12-31 20:00:00,147.9263043237246
2011-12-31 21:00:00,121.97895172108234
2011-12-31 22:00:00,102.00856634644538
2011-12-31 23:00:00,74.74483333001571
2012-01-20 00:00:00,17.43099066083573
2012-01-20 01:00:00,8.222721656096333
2012-01-20 02:00:00,6.628585336389939
2012-01-20 03:00:00,3.7833968063935592
2012-01-20 04:00:00,3.051640537435017
2012-01-20 05:00:00,19.537132855923375
2012-01-20 06:00:00,79.95701972619536
2012-01-20 07:00:00,217.36256767110098
2012-01-20 08:00:00,422.69287953206856
2012-01-20 09:00:00,208.6711132474828
2012-01-20 10:00:00,123.33695837333389
2012-01-20 11:00:00,121.9144373049685
2012-01-20 12:00:00,128.7940275886257
2012-01-20 13:00:00,131.94039242027418
2012-01-20 14:00:00,132.55859080513187
2012-01-20 15:00:00,131.7427059675926
2012-01-20 16:00:00,164.66752480787528
2012-01-20 17:00:00,246.12009089331573
2012-01-20 18:00:00,240.72702297667715
2012-01-20 19:00:00,205.92070248199323
2012-01-20 20:00:00,154.4156709564887
2012-01-20 21:00:00,88.1645552607994
2012-01-20 22:00:00,65.87409402193008
2012-01-20 23:00:00,33.43738183050516
2012-01-21 00:00:00,33.71123698103453
2012-01-21 01:00:00,31.608207047994537
2012-01-21 02:00:00,33.606725813278395
2012-01-21 03:00:00,15.287404103896849
2012-01-21 04:00:00,4.835264333167431
2012-01-21 05:00:00,4.198793958617249
2012-01-21 06:00:00,6.2880586825476446
2012-01-21 07:00:00,21.86217240747342
2012-01-21 08:00:00,73.21502464517893
2012-01-21 09:00:00,99.41100773072733
2012-01-21 10:00:00,118.84277025145269
2012-01-21 11:00:00,175.4134292094259
2012-01-21 12:00:00,183.00882798494905
2012-01-21 13:00:00,182.6719095179983
2012-01-21 14:00:00,129.64535423432608
2012-01-21 15:00:00,128.70351361234813
2012-01-21 16:00:00,174.54006054805396
2012-01-21 17:00:00,147.14036764510382
2012-01-21 18:00:00,134.67599339316257
2012-01-21 19:00:00,101.26966311478961
2012-01-21 20:00:00,100.84692508864812
2012-01-21 21:00:00,66.42726382434242
2012-01-21 22:00:00,59.595521461460685
2012-01-21 23:00:00,53.165872487617264
2012-01-22 00:00:00,54.643174641896195
2012-01-22 01:00:00,48.354790018628876
2012-01-22 02:00:00,42.764810421718586
2012-01-22 03:00:00,19.202040006512963
2012-01-22 04:00:00,4.809738794948246
2012-01-22 05:00:00,4.238744255174159
2012-01-22 06:00:00,5.347209562350217
2012-01-22 07:00:00,18.63211947762104
2012-01-22 08:00:00,53.07791276082783
2012-01-22 09:00:00,95.60875526301942
2012-01-22 10:00:00,131.2233690430271
2012-01-22 11:00:00,132.7721032245615
2012-01-22 12:00:00,150.32584919008545
2012-01-22 13:00:00,163.70751163569082
2012-01-22 14:00:00,161.8736810273224
2012-01-22 15:00:00,147.41921094847999
2012-01-22 16:00:00,144.57865981883546
2012-01-22 17:00:00,131.03767300276596
2012-01-22 18:00:00,109.36097801051645
2012-01-22 19:00:00,100.6885139365342
2012-01-22 20:00:00,87.20019372047999
2012-01-22 21:00:00,62.92069042832801
2012-01-22 22:00:00,53.64455213688328
2012-01-22 23:00:00,37.896040970121774
2012-01-23 00:00:00,15.175022132346275
2012-01-23 01:00:00,5.380942598692991
2012-01-23 02:00:00,3.4866929364208707
2012-01-23 03:00:00,2.7873640452266812
2012-01-23 04:00:00,2.7977018832534295
2012-01-23 05:00:00,19.145935588621818
2012-01-23 06:00:00,76.33838257688507
2012-01-23 07:00:00,138.40004254330103
2012-01-23 08:00:00,149.0130553575786
2012-01-23 09:00:00,212.31724161201439
2012-01-23 10:00:00,100.00618562620416
2012-01-23 11:00:00,100.42999257866327
2012-01-23 12:00:00,102.62959964612517
2012-01-23 13:00:00,62.51429845904926
2012-01-23 14:00:00,60.293488305873666
2012-01-23 15:00:00,108.57922580068373
2012-01-23 16:00:00,117.86999888724687
2012-01-23 17:00:00,152.20696962156353
2012-01-23 18:00:00,159.3188533930354
2012-01-23 19:00:00,150.1023887091627
2012-01-23 20:00:00,121.04635001059734
2012-01-23 21:00:00,88.35379174899376
2012-01-23 22:00:00,75.17945718749104
2012-01-23 23:00:00,45.39455206927917
2012-01-24 00:00:00,9.076482433830936
2012-01-24 01:00:00,4.976375336548342
2012-01-24 02:00:00,4.353661097560213
2012-01-24 03:00:00,2.5229757130618466
2012-01-24 04:00:00,2.567066587811947
2012-01-24 05:00:00,18.977357954480226
2012-01-24 06:00:00,80.54331986183135
2012-01-24 07:00:00,199.87599739712113
2012-01-24 08:00:00,313.8819386509331
2012-01-24 09:00:00,193.93255793213893
2012-01-24 10:00:00,105.18196910467603
2012-01-24 11:00:00,111.44328366039588
2012-01-24 12:00:00,116.63612079422629
2012-01-24 13:00:00,116.13300832349704
2012-01-24 14:00:00,131.18783697210498
2012-01-24 15:00:00,141.69464734418898
2012-01-24 16:00:00,221.52453137817818
2012-01-24 17:00:00,405.293225369079
2012-01-24 18:00:00,363.10087494068847
2012-01-24 19:00:00,303.4256818790402
2012-01-24 20:00:00,156.05244308440797
2012-01-24 21:00:00,141.289176557184
2012-01-24 22:00:00,103.19860937235913
2012-01-24 23:00:00,51.019918771971746
2012-01-25 00:00:00,8.55053499849307
2012-01-25 01:00:00,7.364448526535205
2012-01-25 02:00:00,4.453627769807889
2012-01-25 03:00:00,3.073832623299231
2012-01-25 04:00:00,2.59871745804032
2012-01-25 05:00:00,19.440092134504027
2012-01-25 06:00:00,76.59847070677951
2012-01-25 07:00:00,222.2043247467339
2012-01-25 08:00:00,428.1574514261215
2012-01-25 09:00:00,214.38904259380206
2012-01-25 10:00:00,118.1344861133093
2012-01-25 11:00:00,121.91702078179324
2012-01-25 12:00:00,137.1204229882334
2012-01-25 13:00:00,141.03011097616724
2012-01-25 14:00:00,140.27422026893794
2012-01-25 15:00:00,150.81923724105067
2012-01-25 16:00:00,192.7044040064588
2012-01-25 17:00:00,318.7416807758804
2012-01-25 18:00:00,261.4928862258265
2012-01-25 19:00:00,241.04101111996363
2012-01-25 20:00:00,167.60560359751193
2012-01-25 21:00:00,130.8009894515432
2012-01-25 22:00:00,102.5612228399333
2012-01-25 23:00:00,51.81367754172544
2012-01-26 00:00:00,21.672308367776456
2012-01-26 01:00:00,6.824475224970818
2012-01-26 02:00:00,4.897047920986257
2012-01-26 03:00:00,2.789227427081587
2012-01-26 04:00:00,3.1174292486475212
2012-01-26 05:00:00,20.6239152839764
2012-01-26 06:00:00,80.34661968581713
2012-01-26 07:00:00,226.8089061650523
2012-01-26 08:00:00,417.7731447203188
2012-01-26 09:00:00,210.59852683229008
2012-01-26 10:00:00,120.82322346040758
2012-01-26 11:00:00,117.55569391912114
2012-01-26 12:00:00,131.40955592448805
2012-01-26 13:00:00,150.02238389822077
2012-01-26 14:00:00,151.12644282186932
2012-01-26 15:00:00,158.90869149795446
2012-01-26 16:00:00,218.14990907642488
2012-01-26 17:00:00,388.9034123203344
2012-01-26 18:00:00,391.44382902390953
2012-01-26 19:00:00,260.68466363447095
2012-01-26 20:00:00,192.05616056727501
2012-01-26 21:00:00,146.98585539236348
2012-01-26 22:00:00,121.36557528480462
2012-01-26 23:00:00,72.337110433913
2012-01-27 00:00:00,36.19770740133574
2012-01-27 01:00:00,13.245280575200047
2012-01-27 02:00:00,6.641543013948699
2012-01-27 03:00:00,3.3297725779703677
2012-01-27 04:00:00,2.742364049063522
2012-01-27 05:00:00,20.706470086327748
2012-01-27 06:00:00,86.05857132442597
2012-01-27 07:00:00,233.7443470941163
2012-01-27 08:00:00,168.67647396653155
2012-01-27 09:00:00,135.17005335913137
2012-01-27 10:00:00,104.85346711367224
2012-01-27 11:00:00,190.7487874321365
2012-01-27 12:00:00,201.22854715745964
2012-01-27 13:00:00,209.882160738895
2012-01-27 14:00:00,208.48507262976702
2012-01-27 15:00:00,210.57721184196237
2012-01-27 16:00:00,271.5325456338702
2012-01-27 17:00:00,406.46023466684824
2012-01-27 18:00:00,374.76260566680287
2012-01-27 19:00:00,259.02221428616764
2012-01-27 20:00:00,176.84891153748563
2012-01-27 21:00:00,130.2017051955778
2012-01-27 22:00:00,103.09114019519915
2012-01-27 23:00:00,68.76929854257916
2012-01-28 00:00:00,62.335593379454345
2012-01-28 01:00:00,52.08546007119421
2012-01-28 02:00:00,42.71652575779913
2012-01-28 03:00:00,21.006420966420297
2012-01-28 04:00:00,5.452906259737154
2012-01-28 05:00:00,3.6455888222482074
2012-01-28 06:00:00,6.495986663194637
2012-01-28 07:00:00,30.65216285323501
2012-01-28 08:00:00,85.51933226150581
2012-01-28 09:00:00,107.77445144484534
2012-01-28 10:00:00,171.00223786552067
2012-01-28 11:00:00,200.36583104949437
2012-01-28 12:00:00,202.6085916280676
2012-01-28 13:00:00,228.93789160544642
2012-01-28 14:00:00,272.7022668404834
2012-01-28 15:00:00,290.7816428955196
2012-01-28 16:00:00,312.2726826656411
2012-01-28 17:00:00,306.86710740590615
2012-01-28 18:00:00,296.0999240811595
2012-01-28 19:00:00,229.23181964715863
2012-01-28 20:00:00,156.08232382094485
2012-01-28 21:00:00,123.96947870304399
2012-01-28 22:00:00,103.4095077215584
2012-01-28 23:00:00,70.7303193870864
2012-01-29 00:00:00,66.7949354754283
2012-01-29 01:00:00,58.63152904679083
2012-01-29 02:00:00,44.56483948951086
2012-01-29 03:00:00,20.372084974467896
2012-01-29 04:00:00,4.750128303089902
2012-01-29 05:00:00,4.1021635251126405
2012-01-29 06:00:00,5.188460090153173
2012-01-29 07:00:00,21.518474150420246
2012-01-29 08:00:00,62.22650126154816
2012-01-29 09:00:00,96.63236370844812
2012-01-29 10:00:00,163.1225120507536
2012-01-29 11:00:00,193.61447440168723
2012-01-29 12:00:00,237.10339522946038
2012-01-29 13:00:00,236.24747064866744
2012-01-29 14:00:00,232.8664060192658
2012-01-29 15:00:00,289.7276135501295
2012-01-29 16:00:00,274.4843055960479
2012-01-29 17:00:00,259.6213432315254
2012-01-29 18:00:00,228.81311288638682
2012-01-29 19:00:00,143.66930221189358
2012-01-29 20:00:00,111.88372014883758
2012-01-29 21:00:00,85.64133342688231
2012-01-29 22:00:00,81.03058177310766
2012-01-29 23:00:00,39.948414210474326
2012-01-30 00:00:00,19.263583842866993
2012-01-30 01:00:00,2.977228673535297
2012-01-30 02:00:00,3.633875658796099
2012-01-30 03:00:00,2.6406659326762423
2012-01-30 04:00:00,2.4164097644192672
2012-01-30 05:00:00,17.219361585637785
2012-01-30 06:00:00,80.32072223395551
2012-01-30 07:00:00,221.0677367612939
2012-01-30 08:00:00,396.972393207874
2012-01-30 09:00:00,202.98336808379923
2012-01-30 10:00:00,116.29155185084977
2012-01-30 11:00:00,123.10206379595327
2012-01-30 12:00:00,132.82459099045107
2012-01-30 13:00:00,138.08402441323165
2012-01-30 14:00:00,143.5629090317718
2012-01-30 15:00:00,144.25178851376143
2012-01-30 16:00:00,217.05598716692944
2012-01-30 17:00:00,373.63638179934173
2012-01-30 18:00:00,343.1581046386568
2012-01-30 19:00:00,214.0676781648198
2012-01-30 20:00:00,174.36137283247447
2012-01-30 21:00:00,126.66186061754601
2012-01-30 22:00:00,85.31357950834592
2012-01-30 23:00:00,47.60478029692057
2012-01-31 00:00:00,17.1089777485848
2012-01-31 01:00:00,4.73494643328274
2012-01-31 02:00:00,4.113370505588159
2012-01-31 03:00:00,2.6530903216477575
2012-01-31 04:00:00,2.3786502195155212
2012-01-31 05:00:00,18.085955258758744
2012-01-31 06:00:00,85.25922606043986
2012-01-31 07:00:00,226.77556335539543
2012-01-31 08:00:00,443.62724231980775
2012-01-31 09:00:00,203.9069005400395
2012-01-31 10:00:00,124.06893154231142
2012-01-31 11:00:00,143.8044981528609
2012-01-31 12:00:00,147.5070119150417
2012-01-31 13:00:00,175.27901147787495
2012-01-31 14:00:00,185.54843030081798
2012-01-31 15:00:00,191.6168356164237
2012-01-31 16:00:00,325.30246629297596
2012-01-31 17:00:00,564.4146703982491
2012-01-31 18:00:00,563.5453500915168
2012-01-31 19:00:00,380.20546597250274
2012-01-31 20:00:00,192.96289232574512
2012-01-31 21:00:00,182.42711493986053
2012-01-31 22:00:00,113.3036118581703
2012-01-31 23:00:00,71.1501507152531
2012-02-20 00:00:00,27.311213667634437
2012-02-20 01:00:00,23.91168731880372
2012-02-20 02:00:00,10.504527393444121
2012-02-20 03:00:00,4.203186556906889
2012-02-20 05:00:00,5.063600448931371
2012-02-20 06:00:00,12.167263264429407
2012-02-20 07:00:00,25.2351964463436
2012-02-20 08:00:00,84.865695109367
2012-02-20 09:00:00,114.77753957329568
2012-02-20 10:00:00,166.13732038371813
2012-02-20 11:00:00,180.16232035381375
2012-02-20 12:00:00,185.76800442058706
2012-02-20 13:00:00,200.82592836616996
2012-02-20 14:00:00,223.68527442953072
2012-02-20 15:00:00,234.30738278163733
2012-02-20 16:00:00,260.7140354659239
2012-02-20 17:00:00,374.54706897582673
2012-02-20 18:00:00,263.9879110490548
2012-02-20 19:00:00,193.63368858950963
2012-02-20 20:00:00,162.22609231310736
2012-02-20 21:00:00,106.92630966184592
2012-02-20 22:00:00,88.14949209163908
2012-02-20 23:00:00,49.01279294149578
2012-02-21 00:00:00,18.457805954277674
2012-02-21 01:00:00,5.620514325975756
2012-02-21 02:00:00,3.141486867152959
2012-02-21 04:00:00,2.024883950120342
2012-02-21 05:00:00,20.16444309688925
2012-02-21 06:00:00,76.89256714845462
2012-02-21 07:00:00,258.5655534065376
2012-02-21 08:00:00,440.15573494525665
2012-02-21 09:00:00,238.24009542599703
2012-02-21 10:00:00,115.93432923126048
2012-02-21 11:00:00,119.35115212546516
2012-02-21 12:00:00,130.6945572632569
2012-02-21 13:00:00,145.7592727941495
2012-02-21 14:00:00,141.96946015497863
2012-02-21 15:00:00,147.66166532801523
2012-02-21 16:00:00,223.61856367031587
2012-02-21 17:00:00,416.1708854200134
2012-02-21 18:00:00,413.9216348597586
2012-02-21 19:00:00,273.55424538798655
2012-02-21 20:00:00,191.01144878179247
2012-02-21 21:00:00,162.01877759395913
2012-02-21 22:00:00,104.35745647953196
2012-02-21 23:00:00,52.9951603947524
2012-02-22 00:00:00,23.128318870423232
2012-02-22 01:00:00,7.6772554339001005
2012-02-22 02:00:00,3.940556208156256
2012-02-22 03:00:00,2.406843611573575
2012-02-22 04:00:00,2.150218719546397
2012-02-22 05:00:00,19.992365003677143
2012-02-22 06:00:00,82.05950064555843
2012-02-22 07:00:00,252.2529507109682
2012-02-22 08:00:00,451.64048407333246
2012-02-22 09:00:00,237.63580247208964
2012-02-22 10:00:00,131.99146108728254
2012-02-22 11:00:00,145.39994043493738
2012-02-22 12:00:00,153.7649163635109
2012-02-22 13:00:00,155.3795957277716
2012-02-22 14:00:00,159.20553132903527
2012-02-22 15:00:00,198.1179477245946
2012-02-22 16:00:00,322.327212906303
2012-02-22 17:00:00,563.8864236157885
2012-02-22 18:00:00,456.21917856094564
2012-02-22 19:00:00,313.9483225061119
2012-02-22 20:00:00,207.28964929380209
2012-02-22 21:00:00,193.19737407110645
2012-02-22 22:00:00,119.0838828640869
2012-02-22 23:00:00,79.46875844255746
2012-02-23 00:00:00,34.01677149005441
2012-02-23 01:00:00,8.992189215249864
2012-02-23 02:00:00,7.225779351116438
2012-02-23 03:00:00,2.635212186764396
2012-02-23 04:00:00,2.672066719450281
2012-02-23 05:00:00,21.53023110116075
2012-02-23 06:00:00,84.04491823703805
2012-02-23 07:00:00,244.74578215001023
2012-02-23 08:00:00,352.07462949993
2012-02-23 09:00:00,231.17714430333027
2012-02-23 10:00:00,160.17403282915382
2012-02-23 11:00:00,184.97714373145644
2012-02-23 12:00:00,199.63774072138875
2012-02-23 13:00:00,199.3051079209142
2012-02-23 14:00:00,204.29195345360088
2012-02-23 15:00:00,206.23343943736575
2012-02-23 16:00:00,335.3131772193273
2012-02-23 17:00:00,572.6161639855162
2012-02-23 18:00:00,565.6778869280154
2012-02-23 19:00:00,383.47199367602013
2012-02-23 20:00:00,238.07443846120756
2012-02-23 21:00:00,173.33552368226702
2012-02-23 22:00:00,127.69819097686874
2012-02-23 23:00:00,99.76036493473293
2012-02-24 00:00:00,40.78002921483955
2012-02-24 01:00:00,16.522876221830007
2012-02-24 02:00:00,6.587967139506786
2012-02-24 03:00:00,4.022598421294575
2012-02-24 04:00:00,2.952410322579764
2012-02-24 05:00:00,20.130131717493263
2012-02-24 06:00:00,80.14485462451736
2012-02-24 07:00:00,257.39427528612214
2012-02-24 08:00:00,325.4500040070324
2012-02-24 09:00:00,136.07726290848785
2012-02-24 10:00:00,91.15926158180437
2012-02-24 11:00:00,148.45114118051677
2012-02-24 12:00:00,170.39064916221054
2012-02-24 13:00:00,181.33785753550728
2012-02-24 14:00:00,193.62595176489953
2012-02-24 15:00:00,122.19775014126927
2012-02-24 16:00:00,126.50052629560332
2012-02-24 17:00:00,191.1514097320162
2012-02-24 18:00:00,338.2726131724601
2012-02-24 19:00:00,281.0211131348314
2012-02-24 20:00:00,175.7845598033289
2012-02-24 21:00:00,144.79735117968485
2012-02-24 22:00:00,116.38304396708511
2012-02-24 23:00:00,84.36774314414632
2012-02-25 00:00:00,57.39798933612866
2012-02-25 01:00:00,66.68902252074162
2012-02-25 02:00:00,41.177238204060345
2012-02-25 03:00:00,16.474405064092633
2012-02-25 04:00:00,4.329512890509356
2012-02-25 05:00:00,3.677206758739015
2012-02-25 06:00:00,7.046376135228844
2012-02-25 07:00:00,26.06981410892586
2012-02-25 08:00:00,67.85916281510211
2012-02-25 09:00:00,101.65180246055571
2012-02-25 10:00:00,181.94772860815414
2012-02-25 11:00:00,196.54956721648816
2012-02-25 12:00:00,222.32423171094842
2012-02-25 13:00:00,241.02113429780678
2012-02-25 14:00:00,220.68096384830218
2012-02-25 15:00:00,241.11085014482518
2012-02-25 16:00:00,213.17353991510652
2012-02-25 17:00:00,181.67179641067497
2012-02-25 18:00:00,166.2127984338034
2012-02-25 19:00:00,114.86354552313672
2012-02-25 20:00:00,102.77330030491365
2012-02-25 21:00:00,78.12901777136643
2012-02-25 22:00:00,75.13181253803941
2012-02-25 23:00:00,52.22915983089348
2012-02-26 00:00:00,62.171901241776226
2012-02-26 01:00:00,55.30410143670263
2012-02-26 02:00:00,44.15082468241137
2012-02-26 03:00:00,20.33576390246835
2012-02-26 04:00:00,4.475815640774764
2012-02-26 05:00:00,3.831293933622893
2012-02-26 06:00:00,5.7069529694916445
2012-02-26 07:00:00,18.547974644770143
2012-02-26 08:00:00,61.915209237880624
2012-02-26 09:00:00,103.07176940192383
2012-02-26 10:00:00,181.74052797662318
2012-02-26 11:00:00,199.0201444423203
2012-02-26 12:00:00,224.43955089241172
2012-02-26 13:00:00,240.00968068390398
2012-02-26 14:00:00,279.07559162964526
2012-02-26 15:00:00,303.44779785253905
2012-02-26 16:00:00,289.4331268977666
2012-02-26 17:00:00,270.67175764115734
2012-02-26 18:00:00,230.5185196098482
2012-02-26 19:00:00,177.70745721927702
2012-02-26 20:00:00,122.29093909282686
2012-02-26 21:00:00,89.61702132100956
2012-02-26 22:00:00,89.75560427569708
2012-02-26 23:00:00,37.171146929303376
2012-02-27 00:00:00,16.42666890617218
2012-02-27 01:00:00,5.471649151859953
2012-02-27 02:00:00,3.3248968296072685
2012-02-27 03:00:00,2.2013386900397647
2012-02-27 04:00:00,1.9330300690393594
2012-02-27 05:00:00,18.509548562210224
2012-02-27 06:00:00,84.2870146735143
2012-02-27 07:00:00,248.95043324285177
2012-02-27 08:00:00,419.8640180773049
2012-02-27 09:00:00,225.1966503448983
2012-02-27 10:00:00,137.1365208255189
2012-02-27 11:00:00,150.4563634346123
2012-02-27 12:00:00,153.50345411518958
2012-02-27 13:00:00,155.37504765586831
2012-02-27 14:00:00,174.98289736466225
2012-02-27 15:00:00,192.0732082184582
2012-02-27 16:00:00,325.77397870352513
2012-02-27 17:00:00,576.1651787122798
2012-02-27 18:00:00,561.7565719867044
2012-02-27 19:00:00,383.8081212599762
2012-02-27 20:00:00,241.07570959065575
2012-02-27 21:00:00,185.92328740756435
2012-02-27 22:00:00,114.62188121090448
2012-02-27 23:00:00,67.16465251441781
2012-02-28 00:00:00,26.962525279029606
2012-02-28 01:00:00,8.457654371014737
2012-02-28 02:00:00,6.067567507846912
2012-02-28 03:00:00,2.5397892576607033
2012-02-28 04:00:00,2.0480375516109066
2012-02-28 05:00:00,18.70847009479564
2012-02-28 06:00:00,88.09265783229806
2012-02-28 07:00:00,256.098694837989
2012-02-28 08:00:00,431.1201691960074
2012-02-28 09:00:00,223.8870148084396
2012-02-28 10:00:00,131.7374446217317
2012-02-28 11:00:00,143.2126676799629
2012-02-28 12:00:00,155.43324557028177
2012-02-28 13:00:00,157.14420448136715
2012-02-28 14:00:00,152.51161220630732
2012-02-28 15:00:00,154.79099472149318
2012-02-28 16:00:00,259.66553770675705
2012-02-28 17:00:00,441.890174987147
2012-02-28 18:00:00,438.943146909569
2012-02-28 19:00:00,307.7599260494816
2012-02-28 20:00:00,198.74420361823334
2012-02-28 21:00:00,152.8076236121616
2012-02-28 22:00:00,106.89895462382307
2012-02-28 23:00:00,53.73896062453652
2012-02-29 00:00:00,23.589762086712895
2012-02-29 01:00:00,7.0183658203994685
2012-02-29 02:00:00,3.951577399559197
2012-02-29 03:00:00,2.178167540529105
2012-02-29 05:00:00,20.916452940672855
2012-02-29 06:00:00,81.78347607595582
2012-02-29 07:00:00,247.53073248514795
2012-02-29 08:00:00,444.33192324007723
2012-02-29 09:00:00,94.86453074700978
2012-02-29 10:00:00,59.66458817512849
2012-02-29 11:00:00,64.28301748312578
2012-02-29 12:00:00,67.022596429906
2012-02-29 13:00:00,116.46207880222929
2012-02-29 14:00:00,116.06985738796115
2012-02-29 15:00:00,150.36650515444518
2012-02-29 16:00:00,124.109412940594
2012-02-29 17:00:00,299.66533506636887
2012-02-29 18:00:00,228.4279535976053
2012-02-29 19:00:00,260.5407084157679
2012-02-29 20:00:00,122.77301443712791
2012-02-29 21:00:00,73.98364696997143
2012-02-29 22:00:00,60.4533574229285
2012-02-29 23:00:00,43.208133823540464
2012-03-20 00:00:00,26.447873541345885
2012-03-20 01:00:00,14.907738224295812
2012-03-20 02:00:00,4.377180097654627
2012-03-20 03:00:00,3.1632588189439135
2012-03-20 04:00:00,2.936409160515027
2012-03-20 05:00:00,22.783910439127524
2012-03-20 06:00:00,117.38531451039519
2012-03-20 07:00:00,126.74700918201502
2012-03-20 08:00:00,554.3269153324925
2012-03-20 09:00:00,324.3427090720691
2012-03-20 10:00:00,182.78247658670952
2012-03-20 11:00:00,189.31828470987904
2012-03-20 12:00:00,230.262861225019
2012-03-20 13:00:00,230.56577408310443
2012-03-20 14:00:00,240.80275972893918
2012-03-20 15:00:00,258.82806246132003
2012-03-20 16:00:00,346.64446392838965
2012-03-20 17:00:00,673.2182527643336
2012-03-20 18:00:00,687.7237084152516
2012-03-20 19:00:00,470.15167846897293
2012-03-20 20:00:00,330.3952183548932
2012-03-20 21:00:00,234.8626768234705
2012-03-20 22:00:00,161.4620723826506
2012-03-20 23:00:00,78.75938641158365
2012-03-21 00:00:00,30.500339744920026
2012-03-21 01:00:00,15.155825295738243
2012-03-21 02:00:00,5.115668746175872
2012-03-21 03:00:00,3.4027616962688048
2012-03-21 04:00:00,3.625110223947162
2012-03-21 05:00:00,23.241016505797397
2012-03-21 06:00:00,119.00365920134202
2012-03-21 07:00:00,162.07565324221335
2012-03-21 08:00:00,180.80422323865952
2012-03-21 09:00:00,328.793222385047
2012-03-21 10:00:00,184.63629251942336
2012-03-21 11:00:00,188.47203876727042
2012-03-21 12:00:00,230.7959398808996
2012-03-21 13:00:00,223.40329750913742
2012-03-21 14:00:00,230.0066772188033
2012-03-21 15:00:00,233.97523952045438
2012-03-21 16:00:00,337.270403745229
2012-03-21 17:00:00,699.6399500587851
2012-03-21 18:00:00,700.0691265821017
2012-03-21 19:00:00,501.9634114179686
2012-03-21 20:00:00,313.7579028505956
2012-03-21 21:00:00,228.1399377292264
2012-03-21 22:00:00,185.68961100730667
2012-03-21 23:00:00,102.71058363604487
2012-03-22 00:00:00,38.894095436527344
2012-03-22 01:00:00,16.161800479545075
2012-03-22 02:00:00,6.6317371397715625
2012-03-22 03:00:00,4.851661847524295
2012-03-22 04:00:00,3.839704579680325
2012-03-22 05:00:00,22.72947266758958
2012-03-22 06:00:00,121.45464007853428
2012-03-22 07:00:00,302.25860885796357
2012-03-22 08:00:00,555.3184517356998
2012-03-22 09:00:00,319.06179194646046
2012-03-22 10:00:00,181.6936124925725
2012-03-22 11:00:00,188.42770632462174
2012-03-22 12:00:00,220.76231129414185
2012-03-22 13:00:00,231.5138599114336
2012-03-22 14:00:00,244.62938432567532
2012-03-22 15:00:00,260.62395376817096
2012-03-22 16:00:00,371.95294097058047
2012-03-22 17:00:00,730.6813501466121
2012-03-22 18:00:00,730.0101074467095
2012-03-22 19:00:00,505.72747583345904
2012-03-22 20:00:00,348.2089363679578
2012-03-22 21:00:00,248.21069289419844
2012-03-22 22:00:00,187.61492780334748
2012-03-22 23:00:00,121.20951589921061
2012-03-23 00:00:00,50.262768057607786
2012-03-23 01:00:00,21.28010636119346
2012-03-23 02:00:00,7.737544445891953
2012-03-23 03:00:00,5.514519888935682
2012-03-23 04:00:00,4.2941735986873155
2012-03-23 05:00:00,23.24778267786892
2012-03-23 06:00:00,117.47471259635925
2012-03-23 07:00:00,350.72484146921795
2012-03-23 08:00:00,526.8658504998881
2012-03-23 09:00:00,320.9797488391697
2012-03-23 10:00:00,222.85984718442683
2012-03-23 11:00:00,239.8160038066374
2012-03-23 12:00:00,299.3640577599683
2012-03-23 13:00:00,306.2005574209275
2012-03-23 14:00:00,304.7829147991019
2012-03-23 15:00:00,304.16064694875223
2012-03-23 16:00:00,461.1170196633344
2012-03-23 17:00:00,712.7788169491407
2012-03-23 18:00:00,717.8473815429606
2012-03-23 19:00:00,498.7834813472441
2012-03-23 20:00:00,348.8423433161661
2012-03-23 21:00:00,278.23632192204195
2012-03-23 22:00:00,221.7533900418564
2012-03-23 23:00:00,172.20157890144174
2012-03-24 00:00:00,96.69322129830209
2012-03-24 01:00:00,103.64445937970814
2012-03-24 02:00:00,47.65101071205505
2012-03-24 03:00:00,27.13118073307922
2012-03-24 04:00:00,8.053547526795144
2012-03-24 05:00:00,7.707036006935262
2012-03-24 06:00:00,26.955693312216138
2012-03-24 07:00:00,103.3091095193433
2012-03-24 08:00:00,199.6131096085548
2012-03-24 09:00:00,283.15852693012545
2012-03-24 10:00:00,372.6618265425022
2012-03-24 11:00:00,444.874231981167
2012-03-24 12:00:00,142.73900536979662
2012-03-24 13:00:00,144.2994432889586
2012-03-24 14:00:00,151.82398843291625
2012-03-24 15:00:00,165.60080554312663
2012-03-24 16:00:00,130.60661925976166
2012-03-24 17:00:00,153.0587818094942
2012-03-24 18:00:00,152.09444818232691
2012-03-24 19:00:00,165.22101259532684
2012-03-24 20:00:00,99.92839579309846
2012-03-24 21:00:00,77.61643031189571
2012-03-24 22:00:00,64.97525704924914
2012-03-24 23:00:00,95.94422513457913
2012-03-25 00:00:00,85.12177808148941
2012-03-25 01:00:00,75.45023801344995
2012-03-25 02:00:00,47.76559935945483
2012-03-25 03:00:00,17.164115714171743
2012-03-25 04:00:00,8.13348003694734
2012-03-25 05:00:00,7.588580659661469
2012-03-25 06:00:00,11.100660166550297
2012-03-25 07:00:00,63.3184157411568
2012-03-25 08:00:00,117.33687779004276
2012-03-25 09:00:00,183.40843077886353
2012-03-25 10:00:00,260.9063943266642
2012-03-25 11:00:00,272.4063583788136
2012-03-25 12:00:00,287.37803024533906
2012-03-25 13:00:00,344.054464664277
2012-03-25 14:00:00,371.7927114960148
2012-03-25 15:00:00,368.0662264613462
2012-03-25 16:00:00,310.76998853259
2012-03-25 17:00:00,443.9170564703937
2012-03-25 18:00:00,391.7341953304791
2012-03-25 19:00:00,335.0419593298974
2012-03-25 20:00:00,207.03736493577733
2012-03-25 21:00:00,154.6837726428294
2012-03-25 22:00:00,101.03283456318286
2012-03-25 23:00:00,59.72196833976593
2012-03-26 00:00:00,26.37561464397046
2012-03-26 01:00:00,13.265786486623657
2012-03-26 02:00:00,6.134644089158003
2012-03-26 03:00:00,2.9148821766771023
2012-03-26 04:00:00,2.9241969919801503
2012-03-26 05:00:00,25.68307133751904
2012-03-26 06:00:00,114.0783091869441
2012-03-26 07:00:00,380.7643009676615
2012-03-26 08:00:00,593.7845493863006
2012-03-26 09:00:00,313.71955370914594
2012-03-26 10:00:00,197.20839322491196
2012-03-26 11:00:00,214.2301822927026
2012-03-26 12:00:00,251.28774064108217
2012-03-26 13:00:00,251.8689610794973
2012-03-26 14:00:00,251.457724446237
2012-03-26 15:00:00,253.42374708637504
2012-03-26 16:00:00,344.2432311510989
2012-03-26 17:00:00,548.3694046065602
2012-03-26 18:00:00,514.7511922532565
2012-03-26 19:00:00,369.3872412249259
2012-03-26 20:00:00,228.84912494270372
2012-03-26 21:00:00,175.60237432673708
2012-03-26 22:00:00,113.96124202219781
2012-03-26 23:00:00,54.62049911386316
2012-03-27 00:00:00,24.405461385880194
2012-03-27 01:00:00,5.644203351778785
2012-03-27 02:00:00,3.776590745485568
2012-03-27 03:00:00,2.3947114068871316
2012-03-27 04:00:00,1.9691135371435982
2012-03-27 05:00:00,21.588128775680275
2012-03-27 06:00:00,96.60271910484434
2012-03-27 07:00:00,283.6546298054373
2012-03-27 08:00:00,469.61456434746674
2012-03-27 09:00:00,251.7262285993358
2012-03-27 10:00:00,143.42107685169515
2012-03-27 11:00:00,153.71827141472144
2012-03-27 12:00:00,179.21137504460552
2012-03-27 13:00:00,197.40580248141333
2012-03-27 14:00:00,215.94473953971905
2012-03-27 15:00:00,229.3464866588355
2012-03-27 16:00:00,310.2938781672685
2012-03-27 17:00:00,514.2049183598078
2012-03-27 18:00:00,504.96158706253306
2012-03-27 19:00:00,367.27653903018745
2012-03-27 20:00:00,245.72607519226634
2012-03-27 21:00:00,162.6823801389867
2012-03-27 22:00:00,120.89613813122602
2012-03-27 23:00:00,65.04014103084519
2012-03-28 00:00:00,26.835807025699285
2012-03-28 01:00:00,9.248953467423732
2012-03-28 02:00:00,4.207080625337709
2012-03-28 03:00:00,2.740363046929062
2012-03-28 04:00:00,2.2368113102099443
2012-03-28 05:00:00,24.47236446486887
2012-03-28 06:00:00,108.9755091899988
2012-03-28 07:00:00,329.2032195633952
2012-03-28 08:00:00,548.0426111175738
2012-03-28 09:00:00,305.4651939589503
2012-03-28 10:00:00,198.0242949278419
2012-03-28 11:00:00,213.66993103843882
2012-03-28 12:00:00,257.7902850027561
2012-03-28 13:00:00,257.8253394515864
2012-03-28 14:00:00,259.3143197211155
2012-03-28 15:00:00,260.3533503254587
2012-03-28 16:00:00,298.35092774474634
2012-03-28 17:00:00,714.6179889178035
2012-03-28 18:00:00,714.2356108301507
2012-03-28 19:00:00,501.7491572122934
2012-03-28 20:00:00,360.75982402082235
2012-03-28 21:00:00,256.79900417443844
2012-03-28 22:00:00,195.78423332512324
2012-03-28 23:00:00,102.46254786680002
2012-03-29 00:00:00,43.39750725984318
2012-03-29 01:00:00,18.44244620221402
2012-03-29 02:00:00,8.36796978087449
2012-03-29 03:00:00,4.426108462733404
2012-03-29 04:00:00,4.767600214005984
2012-03-29 05:00:00,26.604471596195495
2012-03-29 06:00:00,121.18310991723308
2012-03-29 07:00:00,384.24110229323384
2012-03-29 08:00:00,602.0896597841369
2012-03-29 09:00:00,329.0766038314346
2012-03-29 10:00:00,198.0327494618382
2012-03-29 11:00:00,213.46540113725155
2012-03-29 12:00:00,250.80080161600222
2012-03-29 13:00:00,244.50242595769163
2012-03-29 14:00:00,251.5006106567078
2012-03-29 15:00:00,252.7634351160067
2012-03-29 16:00:00,378.30944679284653
2012-03-29 17:00:00,665.8955601721175
2012-03-29 18:00:00,668.330128505832
2012-03-29 19:00:00,399.61703876585204
2012-03-29 20:00:00,270.662980192021
2012-03-29 21:00:00,192.261535285822
2012-03-29 22:00:00,146.06762451857745
2012-03-29 23:00:00,96.59623091365131
2012-03-30 00:00:00,49.31690772429771
2012-03-30 01:00:00,22.899985277478375
2012-03-30 02:00:00,8.302508617425186
2012-03-30 03:00:00,4.349457358181264
2012-03-30 04:00:00,3.535926283880777
2012-03-30 05:00:00,22.13493159671588
2012-03-30 06:00:00,89.5786414795601
2012-03-30 07:00:00,287.30290610992824
2012-03-30 08:00:00,522.1206159550541
2012-03-30 09:00:00,291.76752850530033
2012-03-30 10:00:00,181.49250114029016
2012-03-30 11:00:00,190.0569320286402
2012-03-30 12:00:00,229.34156991968243
2012-03-30 13:00:00,127.84737949779378
2012-03-30 14:00:00,123.07814582194752
2012-03-30 15:00:00,122.6438347904324
2012-03-30 16:00:00,129.4880771587466
2012-03-30 17:00:00,426.3363379704008
2012-03-30 18:00:00,492.1013672252772
2012-03-30 19:00:00,320.2702760287567
2012-03-30 20:00:00,201.81882197056177
2012-03-30 21:00:00,169.2444414228211
2012-03-30 22:00:00,132.36129640638484
2012-03-30 23:00:00,80.5566241523438
2012-03-31 00:00:00,77.53150550884986
2012-03-31 01:00:00,70.5638392641848
2012-03-31 02:00:00,43.12276060232994
2012-03-31 03:00:00,22.684547339266967
2012-03-31 04:00:00,7.508902429754569
2012-03-31 05:00:00,7.4177059441237265
2012-03-31 06:00:00,16.846722294422854
2012-03-31 07:00:00,54.94424996201465
2012-03-31 08:00:00,123.62360489264842
2012-03-31 09:00:00,232.97595056282464
2012-03-31 10:00:00,290.575695495825
2012-03-31 11:00:00,451.03791044053827
2012-03-31 12:00:00,507.299345661626
2012-03-31 13:00:00,551.8974130890678
2012-03-31 14:00:00,532.9692760061581
2012-03-31 15:00:00,535.7740286779632
2012-03-31 16:00:00,487.61984838544146
2012-03-31 17:00:00,394.9643852225145
2012-03-31 18:00:00,323.24144620770466
2012-03-31 19:00:00,271.98500898607386
2012-03-31 20:00:00,164.9505587253334
2012-03-31 21:00:00,149.9452854757396
2012-03-31 22:00:00,133.5820320369375
2012-03-31 23:00:00,79.28475933700223
2012-04-20 00:00:00,57.147610235890824
2012-04-20 01:00:00,25.82926320941785
2012-04-20 02:00:00,7.992608260819777
2012-04-20 03:00:00,5.327513732768147
2012-04-20 04:00:00,4.080162218664354
2012-04-20 05:00:00,25.791341695419188
2012-04-20 06:00:00,111.06903387228895
2012-04-20 07:00:00,357.3840160573852
2012-04-20 08:00:00,562.1468690409213
2012-04-20 09:00:00,325.4269331355872
2012-04-20 10:00:00,228.42337493839787
2012-04-20 11:00:00,255.57412411638327
2012-04-20 12:00:00,330.3663202423805
2012-04-20 13:00:00,338.1408993199751
2012-04-20 14:00:00,338.1408993199751
2012-04-20 15:00:00,338.2996160744458
2012-04-20 16:00:00,485.17558107724716
2012-04-20 17:00:00,728.564384987026
2012-04-20 18:00:00,728.564384987026
2012-04-20 19:00:00,512.721309939117
2012-04-20 20:00:00,329.3350087974717
2012-04-20 21:00:00,258.0973497065612
2012-04-20 22:00:00,206.1322040164318
2012-04-20 23:00:00,161.98751226312356
2012-04-21 00:00:00,109.33548794877008
2012-04-21 01:00:00,104.62002601250555
2012-04-21 02:00:00,52.298058766153936
2012-04-21 03:00:00,27.042398193236345
2012-04-21 04:00:00,9.381117547795618
2012-04-21 05:00:00,10.693934841009467
2012-04-21 06:00:00,38.54608615574772
2012-04-21 07:00:00,87.53500706179544
2012-04-21 08:00:00,196.1330354164633
2012-04-21 09:00:00,286.3486181622889
2012-04-21 10:00:00,407.1081718023403
2012-04-21 11:00:00,527.2468580485846
2012-04-21 12:00:00,560.1450505033968
2012-04-21 13:00:00,565.7507144736502
2012-04-21 14:00:00,566.5224668206278
2012-04-21 15:00:00,566.9941052814872
2012-04-21 16:00:00,560.3750115914144
2012-04-21 17:00:00,530.7808831052027
2012-04-21 18:00:00,479.22183093606657
2012-04-21 19:00:00,292.46374612694063
2012-04-21 20:00:00,78.00315457407851
2012-04-21 21:00:00,74.88109609649659
2012-04-21 22:00:00,169.790033233944
2012-04-21 23:00:00,111.4298617092953
2012-04-22 00:00:00,106.43552274931126
2012-04-22 01:00:00,101.19317703430617
2012-04-22 02:00:00,52.719918071850586
2012-04-22 03:00:00,26.373628871681824
2012-04-22 04:00:00,11.61383625559997
2012-04-22 05:00:00,11.040983849698286
2012-04-22 06:00:00,25.847750225228005
2012-04-22 07:00:00,69.94700114137956
2012-04-22 08:00:00,80.71010311561776
2012-04-22 09:00:00,95.24663784703975
2012-04-22 10:00:00,112.47026346104926
2012-04-22 11:00:00,125.43348485326317
2012-04-22 12:00:00,128.66942444749483
2012-04-22 13:00:00,132.64515077720424
2012-04-22 14:00:00,132.97067009301568
2012-04-22 15:00:00,147.73113142751856
2012-04-22 16:00:00,154.75426853649688
2012-04-22 17:00:00,162.2592238985945
2012-04-22 18:00:00,146.81377812284518
2012-04-22 19:00:00,136.0792913978224
2012-04-22 20:00:00,109.03642676028446
2012-04-22 21:00:00,79.11475748864665
2012-04-22 22:00:00,60.224832632551504
2012-04-22 23:00:00,40.39021617950674
2012-04-23 00:00:00,19.075337588610047
2012-04-23 01:00:00,6.846249684469999
2012-04-23 02:00:00,3.9238141816326944
2012-04-23 03:00:00,2.5959908011636315
2012-04-23 04:00:00,2.1196277741233165
2012-04-23 05:00:00,16.842450776310155
2012-04-23 06:00:00,95.88910808234661
2012-04-23 07:00:00,165.38253491838856
2012-04-23 08:00:00,539.1221880929872
2012-04-23 09:00:00,268.07163113115655
2012-04-23 10:00:00,159.0397712474705
2012-04-23 11:00:00,161.70932663346207
2012-04-23 12:00:00,120.52835099070893
2012-04-23 13:00:00,128.2898270046367
2012-04-23 14:00:00,141.2811056404925
2012-04-23 15:00:00,215.90690363626564
2012-04-23 16:00:00,156.93555003653597
2012-04-23 17:00:00,227.52157667986498
2012-04-23 18:00:00,232.02765600666123
2012-04-23 19:00:00,303.11370413332696
2012-04-23 20:00:00,209.73166822765478
2012-04-23 21:00:00,150.68754762766432
2012-04-23 22:00:00,119.18259992362718
2012-04-23 23:00:00,61.16488476251396
2012-04-24 00:00:00,23.58154880533101
2012-04-24 01:00:00,9.979937311634055
2012-04-24 02:00:00,3.730336764211225
2012-04-24 03:00:00,2.516465012899283
2012-04-24 04:00:00,1.8582104742202887
2012-04-24 05:00:00,23.90475883408722
2012-04-24 06:00:00,99.61505879311085
2012-04-24 07:00:00,325.24573421644754
2012-04-24 08:00:00,579.9347133634958
2012-04-24 09:00:00,322.2310945407554
2012-04-24 10:00:00,203.59145486310305
2012-04-24 11:00:00,218.20169289327023
2012-04-24 12:00:00,263.5963020595234
2012-04-24 13:00:00,264.23281578554406
2012-04-24 14:00:00,264.23281578554406
2012-04-24 15:00:00,264.95690272846036
2012-04-24 16:00:00,403.1447971576924
2012-04-24 17:00:00,708.5243564258485
2012-04-24 18:00:00,714.5101221946143
2012-04-24 19:00:00,492.7144889414658
2012-04-24 20:00:00,303.98181668752636
2012-04-24 21:00:00,227.14653059813526
2012-04-24 22:00:00,159.2364067193797
2012-04-24 23:00:00,82.65185876239107
2012-04-25 00:00:00,36.48163945900773
2012-04-25 01:00:00,10.991332044183306
2012-04-25 02:00:00,4.50489977627279
2012-04-25 03:00:00,2.3647780987601967
2012-04-25 04:00:00,2.15667793529005
2012-04-25 05:00:00,25.40455631560242
2012-04-25 06:00:00,103.24106146955927
2012-04-25 07:00:00,350.17985299995416
2012-04-25 08:00:00,553.1972470404378
2012-04-25 09:00:00,331.6666022154845
2012-04-25 10:00:00,203.28001682530214
2012-04-25 11:00:00,220.17330436642675
2012-04-25 12:00:00,264.7490609709482
2012-04-25 13:00:00,264.9207740671153
2012-04-25 14:00:00,264.79599000676336
2012-04-25 15:00:00,265.4647897629131
2012-04-25 16:00:00,402.81067150648397
2012-04-25 17:00:00,730.2391937838039
2012-04-25 18:00:00,730.2391937838039
2012-04-25 19:00:00,516.0802853506663
2012-04-25 20:00:00,355.63022372782643
2012-04-25 21:00:00,253.6992831425699
2012-04-25 22:00:00,190.8873284321931
2012-04-25 23:00:00,104.70725960204362
2012-04-26 00:00:00,41.80491080534715
2012-04-26 01:00:00,15.54045332091295
2012-04-26 02:00:00,9.266154163110727
2012-04-26 03:00:00,4.497266938441883
2012-04-26 04:00:00,4.485795061393649
2012-04-26 05:00:00,24.464807224061936
2012-04-26 06:00:00,130.88307052304307
2012-04-26 07:00:00,236.6224132444837
2012-04-26 08:00:00,260.54273318918183
2012-04-26 09:00:00,173.40393996135003
2012-04-26 10:00:00,190.95052621996513
2012-04-26 11:00:00,193.31624911926926
2012-04-26 12:00:00,225.37184864032145
2012-04-26 13:00:00,227.55670621462562
2012-04-26 14:00:00,231.5210188771222
2012-04-26 15:00:00,231.60773635764622
2012-04-26 16:00:00,270.9828142159845
2012-04-26 17:00:00,511.08109725384435
2012-04-26 18:00:00,515.2361354681032
2012-04-26 19:00:00,419.7962292694075
2012-04-26 20:00:00,315.1728995724986
2012-04-26 21:00:00,221.9225917936885
2012-04-26 22:00:00,201.3827348395094
2012-04-26 23:00:00,117.78052404935457
2012-04-27 00:00:00,57.09197699156178
2012-04-27 01:00:00,28.1679707508478
2012-04-27 02:00:00,13.442849265596426
2012-04-27 03:00:00,5.661141757612692
2012-04-27 04:00:00,4.256196248798717
2012-04-27 05:00:00,27.77358506240457
2012-04-27 06:00:00,101.33431412847081
2012-04-27 07:00:00,345.8492741566313
2012-04-27 08:00:00,584.0818487018066
2012-04-27 09:00:00,327.15596521855946
2012-04-27 10:00:00,226.22807026248307
2012-04-27 11:00:00,238.84588636334144
2012-04-27 12:00:00,303.4681040042538
2012-04-27 13:00:00,304.0558386432419
2012-04-27 14:00:00,303.3346377499786
2012-04-27 15:00:00,333.9744265559691
2012-04-27 16:00:00,476.8614896743707
2012-04-27 17:00:00,699.3275776621617
2012-04-27 18:00:00,696.6650594910618
2012-04-27 19:00:00,477.98609940993595
2012-04-27 20:00:00,270.8497877869478
2012-04-27 21:00:00,195.08381187256595
2012-04-27 22:00:00,157.9684515247918
2012-04-27 23:00:00,108.39513747709195
2012-04-28 00:00:00,82.04292626874195
2012-04-28 01:00:00,65.44049425422253
2012-04-28 02:00:00,46.44729266051432
2012-04-28 03:00:00,23.836814917725352
2012-04-28 04:00:00,9.615724945822208
2012-04-28 05:00:00,8.700380109391821
2012-04-28 06:00:00,23.346519526510022
2012-04-28 07:00:00,71.19895872756318
2012-04-28 08:00:00,165.8857545190842
2012-04-28 09:00:00,257.39889796900025
2012-04-28 10:00:00,336.8021695881809
2012-04-28 11:00:00,404.2516444360281
2012-04-28 12:00:00,415.65029138953685
2012-04-28 13:00:00,424.1646039716854
2012-04-28 14:00:00,450.88960387218503
2012-04-28 15:00:00,449.0485768956626
2012-04-28 16:00:00,423.49986693691034
2012-04-28 17:00:00,400.9315352755786
2012-04-28 18:00:00,252.9659766349735
2012-04-28 19:00:00,198.9910066977281
2012-04-28 20:00:00,201.39443974432527
2012-04-28 21:00:00,102.20860210052194
2012-04-28 22:00:00,142.29739124330126
2012-04-28 23:00:00,127.23928742635937
2012-04-29 00:00:00,35.53912756295297
2012-04-29 01:00:00,69.11325931875298
2012-04-29 02:00:00,61.88996228011827
2012-04-29 03:00:00,23.58100754651579
2012-04-29 04:00:00,10.510519653695539
2012-04-29 05:00:00,10.476981448446672
2012-04-29 06:00:00,22.669798446854422
2012-04-29 07:00:00,58.52908326195397
2012-04-29 08:00:00,128.13412838491567
2012-04-29 09:00:00,237.41747334869962
2012-04-29 10:00:00,335.4035624518321
2012-04-29 11:00:00,484.5943086637203
2012-04-29 12:00:00,544.6926584226768
2012-04-29 13:00:00,553.1387773402873
2012-04-29 14:00:00,555.3873638472091
2012-04-29 15:00:00,556.7220520422906
2012-04-29 16:00:00,549.1183051443315
2012-04-29 17:00:00,518.2951639547272
2012-04-29 18:00:00,458.1972917641766
2012-04-29 19:00:00,405.2776670450434
2012-04-29 20:00:00,266.09386697710784
2012-04-29 21:00:00,168.17958835306342
2012-04-29 22:00:00,120.02704655161496
2012-04-29 23:00:00,69.24776149752498
2012-04-30 00:00:00,31.72657115000548
2012-04-30 01:00:00,11.375077798610791
2012-04-30 02:00:00,6.945319727676818
2012-04-30 03:00:00,3.021615336101561
2012-04-30 04:00:00,2.509498431624536
2012-04-30 05:00:00,25.958404738115657
2012-04-30 06:00:00,113.5487343924618
2012-04-30 07:00:00,364.1074646104252
2012-04-30 08:00:00,591.9037591747298
2012-04-30 09:00:00,311.7430224870912
2012-04-30 10:00:00,205.6777660267037
2012-04-30 11:00:00,214.22571965450578
2012-04-30 12:00:00,250.62810690178185
2012-04-30 13:00:00,263.0141081166606
2012-04-30 14:00:00,263.64922131503664
2012-04-30 15:00:00,264.84327620338746
2012-04-30 16:00:00,378.23919192457697
2012-04-30 17:00:00,724.7325138920869
2012-04-30 18:00:00,724.7325138920869
2012-04-30 19:00:00,499.3496239282989
2012-04-30 20:00:00,306.00567907847
2012-04-30 21:00:00,236.07398947676998
2012-04-30 22:00:00,152.2756786213575
2012-04-30 23:00:00,75.75878519677318
2012-05-20 00:00:00,141.47845337660195
2012-05-20 01:00:00,106.25753240218336
2012-05-20 02:00:00,75.51002440329765
2012-05-20 03:00:00,33.78106801049709
2012-05-20 04:00:00,12.713049426500383
2012-05-20 05:00:00,12.45165847168758
2012-05-20 06:00:00,19.402492351019355
2012-05-20 07:00:00,53.820459763503024
2012-05-20 08:00:00,140.10222606033045
2012-05-20 09:00:00,266.2854532749264
2012-05-20 10:00:00,403.31131314388495
2012-05-20 11:00:00,539.9557296550184
2012-05-20 12:00:00,566.2163191638275
2012-05-20 13:00:00,566.3972808495531
2012-05-20 14:00:00,565.6261979430244
2012-05-20 15:00:00,566.5932237562357
2012-05-20 16:00:00,559.5086691429779
2012-05-20 17:00:00,527.0352488597383
2012-05-20 18:00:00,474.6112576165124
2012-05-20 19:00:00,406.7463334904596
2012-05-20 20:00:00,276.4220796265834
2012-05-20 21:00:00,210.09640749484825
2012-05-20 22:00:00,143.79786828137406
2012-05-20 23:00:00,80.63875372477682
2012-05-21 00:00:00,28.26202150020226
2012-05-21 01:00:00,12.705902010098901
2012-05-21 02:00:00,5.677025747450845
2012-05-21 03:00:00,4.6323094219558145
2012-05-21 04:00:00,4.1733319342107205
2012-05-21 05:00:00,14.910147243797791
2012-05-21 06:00:00,59.89009676909667
2012-05-21 07:00:00,144.52783882399171
2012-05-21 08:00:00,144.4213298496917
2012-05-21 09:00:00,111.20568061125994
2012-05-21 10:00:00,92.91103712626858
2012-05-21 11:00:00,187.32889378705784
2012-05-21 12:00:00,219.4701607500965
2012-05-21 13:00:00,96.44570564142269
2012-05-21 14:00:00,100.1064323829296
2012-05-21 15:00:00,247.62324969722874
2012-05-21 16:00:00,345.06510323893434
2012-05-21 17:00:00,719.9766305388164
2012-05-21 18:00:00,709.6018876953962
2012-05-21 19:00:00,534.4000243509388
2012-05-21 20:00:00,370.06168101094596
2012-05-21 21:00:00,270.4622313823901
2012-05-21 22:00:00,156.8168003503886
2012-05-21 23:00:00,91.01128181744716
2012-05-22 00:00:00,36.52994412341951
2012-05-22 01:00:00,16.141549434031823
2012-05-22 02:00:00,6.9890776373495616
2012-05-22 03:00:00,5.310977395405953
2012-05-22 04:00:00,4.9899260975381345
2012-05-22 05:00:00,14.848794959443513
2012-05-22 06:00:00,57.15070885694039
2012-05-22 07:00:00,136.43782561454788
2012-05-22 08:00:00,579.3886368985726
2012-05-22 09:00:00,327.75521470112903
2012-05-22 10:00:00,197.1433814475864
2012-05-22 11:00:00,208.78281852221642
2012-05-22 12:00:00,231.4544402986272
2012-05-22 13:00:00,246.38330292237083
2012-05-22 14:00:00,246.61511065142946
2012-05-22 15:00:00,266.1874877332741
2012-05-22 16:00:00,381.06921832492935
2012-05-22 17:00:00,749.2672629007714
2012-05-22 18:00:00,748.9346679380153
2012-05-22 19:00:00,533.2677481118684
2012-05-22 20:00:00,379.0508756297945
2012-05-22 21:00:00,261.8572933170148
2012-05-22 22:00:00,189.23841012254314
2012-05-22 23:00:00,107.02484810651823
2012-05-23 00:00:00,43.159000997065874
2012-05-23 01:00:00,17.405655561142908
2012-05-23 02:00:00,7.018990049649456
2012-05-23 03:00:00,5.73813767347195
2012-05-23 04:00:00,5.058686314790676
2012-05-23 05:00:00,15.312656632156871
2012-05-23 06:00:00,143.4270363330769
2012-05-23 07:00:00,426.83102279375333
2012-05-23 08:00:00,607.3735793403075
2012-05-23 09:00:00,330.24635314344334
2012-05-23 10:00:00,198.57052705044705
2012-05-23 11:00:00,217.07389245290634
2012-05-23 12:00:00,265.0812335525484
2012-05-23 13:00:00,242.08564935020206
2012-05-23 14:00:00,265.928742598835
2012-05-23 15:00:00,266.27124196798206
2012-05-23 16:00:00,315.61511837958756
2012-05-23 17:00:00,524.1394085401591
2012-05-23 18:00:00,527.2653638352986
2012-05-23 19:00:00,365.4610822834036
2012-05-23 20:00:00,256.85769649324084
2012-05-23 21:00:00,208.82098958249662
2012-05-23 22:00:00,187.08625240355138
2012-05-23 23:00:00,118.93360282998835
2012-05-24 00:00:00,60.51699556121963
2012-05-24 01:00:00,19.77638549516479
2012-05-24 02:00:00,9.87840475021295
2012-05-24 03:00:00,5.558650021807937
2012-05-24 04:00:00,5.20583981653008
2012-05-24 05:00:00,25.739651998640543
2012-05-24 06:00:00,139.53250307784336
2012-05-24 07:00:00,433.38549393376564
2012-05-24 08:00:00,653.429547387994
2012-05-24 09:00:00,331.50336342370815
2012-05-24 10:00:00,203.7980876330389
2012-05-24 11:00:00,219.6028292401599
2012-05-24 12:00:00,266.10224009946353
2012-05-24 13:00:00,266.10224009946353
2012-05-24 14:00:00,266.10224009946353
2012-05-24 15:00:00,266.1874877332741
2012-05-24 16:00:00,387.4870880417702
2012-05-24 17:00:00,748.9478960262747
2012-05-24 18:00:00,748.9478960262747
2012-05-24 19:00:00,535.783884587919
2012-05-24 20:00:00,355.2668913286266
2012-05-24 21:00:00,117.11639498571466
2012-05-24 22:00:00,192.56585714185564
2012-05-24 23:00:00,149.01916313631324
2012-05-25 00:00:00,80.6779145895147
2012-05-25 01:00:00,38.15323914907246
2012-05-25 02:00:00,11.500082926530647
2012-05-25 03:00:00,7.040923387093557
2012-05-25 04:00:00,6.377603408053539
2012-05-25 05:00:00,25.594190267147724
2012-05-25 06:00:00,138.44692854379534
2012-05-25 07:00:00,409.9983145876288
2012-05-25 08:00:00,599.2627931680511
2012-05-25 09:00:00,315.4760347344411
2012-05-25 10:00:00,231.32413636681292
2012-05-25 11:00:00,241.31586135101682
2012-05-25 12:00:00,321.0869981784338
2012-05-25 13:00:00,323.54073424754193
2012-05-25 14:00:00,323.76777062945416
2012-05-25 15:00:00,323.0788799152182
2012-05-25 16:00:00,464.1900973651014
2012-05-25 17:00:00,732.325510904056
2012-05-25 18:00:00,731.0408822827977
2012-05-25 19:00:00,525.7070934872162
2012-05-25 20:00:00,360.67958907684664
2012-05-25 21:00:00,285.8835453534126
2012-05-25 22:00:00,259.4245363646925
2012-05-25 23:00:00,195.97134265403787
2012-05-26 00:00:00,144.0554295653673
2012-05-26 01:00:00,104.66909968147995
2012-05-26 02:00:00,71.3044166652717
2012-05-26 03:00:00,30.059098829102314
2012-05-26 04:00:00,10.862013512377919
2012-05-26 05:00:00,11.966225966587277
2012-05-26 06:00:00,35.80867606680276
2012-05-26 07:00:00,70.94090921514085
2012-05-26 08:00:00,189.1531495911876
2012-05-26 09:00:00,273.4880249715783
2012-05-26 10:00:00,393.5742493534914
2012-05-26 11:00:00,507.0275642961329
2012-05-26 12:00:00,535.9608827194912
2012-05-26 13:00:00,535.3003102571553
2012-05-26 14:00:00,534.6746580705332
2012-05-26 15:00:00,533.7954885326161
2012-05-26 16:00:00,512.7295777931411
2012-05-26 17:00:00,512.7970589289754
2012-05-26 18:00:00,468.52272891940754
2012-05-26 19:00:00,404.94348199938753
2012-05-26 20:00:00,288.3010583148376
2012-05-26 21:00:00,256.6465864647913
2012-05-26 22:00:00,251.63576950276772
2012-05-26 23:00:00,197.92922794169579
2012-05-27 00:00:00,138.84575636303674
2012-05-27 01:00:00,113.63457115821605
2012-05-27 02:00:00,81.32889213938212
2012-05-27 03:00:00,35.97030329685768
2012-05-27 04:00:00,10.811257859003504
2012-05-27 05:00:00,11.71173949554546
2012-05-27 06:00:00,17.98753124779934
2012-05-27 07:00:00,60.207893527520646
2012-05-27 08:00:00,140.97236060092354
2012-05-27 09:00:00,249.9809728309876
2012-05-27 10:00:00,397.6777120087396
2012-05-27 11:00:00,512.7222747261699
2012-05-27 12:00:00,530.5586319876819
2012-05-27 13:00:00,548.4471569998925
2012-05-27 14:00:00,548.4471569998925
2012-05-27 15:00:00,550.8748477154064
2012-05-27 16:00:00,520.270795678834
2012-05-27 17:00:00,513.9588847629165
2012-05-27 18:00:00,461.3340354968047
2012-05-27 19:00:00,402.8300293225758
2012-05-27 20:00:00,296.35597122932546
2012-05-27 21:00:00,160.5872425695375
2012-05-27 22:00:00,95.58138105397741
2012-05-27 23:00:00,84.99095059660553
2012-05-28 00:00:00,79.62636340479324
2012-05-28 01:00:00,59.45233682960145
2012-05-28 02:00:00,45.25813791258442
2012-05-28 03:00:00,16.53359440029247
2012-05-28 04:00:00,9.360454418446608
2012-05-28 05:00:00,15.94811521266418
2012-05-28 06:00:00,54.12671829207979
2012-05-28 07:00:00,135.87587647044342
2012-05-28 08:00:00,190.992128676393
2012-05-28 09:00:00,292.32765874698066
2012-05-28 10:00:00,303.5212640047828
2012-05-28 11:00:00,327.14058909600374
2012-05-28 12:00:00,361.1477609735322
2012-05-28 13:00:00,363.236808092249
2012-05-28 14:00:00,363.59352515310115
2012-05-28 15:00:00,362.02818547140987
2012-05-28 16:00:00,398.98516329386285
2012-05-28 17:00:00,461.67942564866803
2012-05-28 18:00:00,439.47964198915446
2012-05-28 19:00:00,415.0922223952946
2012-05-28 20:00:00,363.35530463045905
2012-05-28 21:00:00,270.4522862725004
2012-05-28 22:00:00,229.1256667575124
2012-05-28 23:00:00,119.91387346228336
2012-05-29 00:00:00,43.408458070906036
2012-05-29 01:00:00,17.179388994302414
2012-05-29 02:00:00,8.128918725605729
2012-05-29 03:00:00,5.360306697313013
2012-05-29 04:00:00,6.077153199564761
2012-05-29 05:00:00,25.92109711046104
2012-05-29 06:00:00,157.34683687023644
2012-05-29 07:00:00,434.8072216297272
2012-05-29 08:00:00,654.5528795956849
2012-05-29 09:00:00,329.40731703826725
2012-05-29 10:00:00,203.6127337028991
2012-05-29 11:00:00,219.3179969759555
2012-05-29 12:00:00,266.10224009946353
2012-05-29 13:00:00,266.10224009946353
2012-05-29 14:00:00,266.10224009946353
2012-05-29 15:00:00,266.1874877332741
2012-05-29 16:00:00,397.7765220752141
2012-05-29 17:00:00,739.5125647198738
2012-05-29 18:00:00,738.3203071005561
2012-05-29 19:00:00,535.9332501248242
2012-05-29 20:00:00,300.71846287721246
2012-05-29 21:00:00,104.18961981169696
2012-05-29 22:00:00,154.4626043175995
2012-05-29 23:00:00,75.80696738035688
2012-05-30 00:00:00,39.06009702443981
2012-05-30 01:00:00,15.438793031611965
2012-05-30 02:00:00,6.402122189641567
2012-05-30 03:00:00,4.517238811016156
2012-05-30 04:00:00,5.243076078250325
2012-05-30 05:00:00,27.011078889930786
2012-05-30 06:00:00,150.44030633710855
2012-05-30 07:00:00,229.0577242841151
2012-05-30 08:00:00,652.7228807386703
2012-05-30 09:00:00,331.81025587034776
2012-05-30 10:00:00,203.43625099216655
2012-05-30 11:00:00,219.48801480823911
2012-05-30 12:00:00,266.18596761192345
2012-05-30 13:00:00,266.18596761192345
2012-05-30 14:00:00,266.10224009946353
2012-05-30 15:00:00,266.1874877332741
2012-05-30 16:00:00,399.4004840797419
2012-05-30 17:00:00,749.5161917711578
2012-05-30 18:00:00,749.5161917711578
2012-05-30 19:00:00,536.2319132671745
2012-05-30 20:00:00,334.77494090832647
2012-05-30 21:00:00,290.5050862275807
2012-05-30 22:00:00,259.35652826213067
2012-05-30 23:00:00,143.30338772782187
2012-05-31 00:00:00,62.61044988708636
2012-05-31 01:00:00,21.635570557420987
2012-05-31 02:00:00,9.695932577859887
2012-05-31 03:00:00,6.239471263871279
2012-05-31 04:00:00,6.515590632688156
2012-05-31 05:00:00,28.16427652341779
2012-05-31 06:00:00,155.95782352754156
2012-05-31 07:00:00,449.31794387519676
2012-05-31 08:00:00,656.0776833004415
2012-05-31 09:00:00,327.4903866532398
2012-05-31 10:00:00,203.98870018368035
2012-05-31 11:00:00,219.54442343044542
2012-05-31 12:00:00,266.2375896440621
2012-05-31 13:00:00,266.2375896440621
2012-05-31 14:00:00,266.2375896440621
2012-05-31 15:00:00,266.3228804756699
2012-05-31 16:00:00,402.44594453532693
2012-05-31 17:00:00,749.5161917711578
2012-05-31 18:00:00,749.5161917711578
2012-05-31 19:00:00,535.2620880788419
2012-05-31 20:00:00,384.94404554692863
2012-05-31 21:00:00,289.65329431065084
2012-05-31 22:00:00,263.6986071076408
2012-05-31 23:00:00,179.53565521109843
2012-06-20 00:00:00,44.90380266618909
2012-06-20 01:00:00,19.77632266631216
2012-06-20 02:00:00,7.896292088126039
2012-06-20 03:00:00,6.061002283353505
2012-06-20 04:00:00,6.976562725899889
2012-06-20 05:00:00,37.960892280238134
2012-06-20 06:00:00,168.25437171327033
2012-06-20 07:00:00,427.6291799390339
2012-06-20 08:00:00,645.2614233048962
2012-06-20 09:00:00,331.7754889016967
2012-06-20 10:00:00,203.96416788703755
2012-06-20 11:00:00,219.0076854841991
2012-06-20 12:00:00,265.08632756994916
2012-06-20 13:00:00,265.2628511106186
2012-06-20 14:00:00,265.28208645436695
2012-06-20 15:00:00,265.7421236785642
2012-06-20 16:00:00,409.589256142316
2012-06-20 17:00:00,749.6892107916717
2012-06-20 18:00:00,749.6892107916717
2012-06-20 19:00:00,550.6852962556801
2012-06-20 20:00:00,436.2172542815402
2012-06-20 21:00:00,319.23200717310596
2012-06-20 22:00:00,266.0718476624935
2012-06-20 23:00:00,143.54243820891483
2012-06-21 00:00:00,64.17873146152667
2012-06-21 01:00:00,23.20253674840049
2012-06-21 02:00:00,9.22824285213084
2012-06-21 03:00:00,6.252133649912904
2012-06-21 04:00:00,7.062580572949164
2012-06-21 05:00:00,37.13369368930837
2012-06-21 06:00:00,174.7932362889008
2012-06-21 07:00:00,436.8200568226408
2012-06-21 08:00:00,662.0594089688609
2012-06-21 09:00:00,321.85312440105076
2012-06-21 10:00:00,203.4728421864753
2012-06-21 11:00:00,219.13815185226576
2012-06-21 12:00:00,265.28208645436695
2012-06-21 13:00:00,265.6570181405989
2012-06-21 14:00:00,265.28208645436695
2012-06-21 15:00:00,265.36707233014215
2012-06-21 16:00:00,411.32000769566724
2012-06-21 17:00:00,753.2907209621592
2012-06-21 18:00:00,754.9951629739095
2012-06-21 19:00:00,550.6852962556801
2012-06-21 20:00:00,432.28770889339376
2012-06-21 21:00:00,313.6621948061401
2012-06-21 22:00:00,251.1240416415176
2012-06-21 23:00:00,152.14859158650648
2012-06-22 00:00:00,80.8764049287535
2012-06-22 01:00:00,39.616025174139885
2012-06-22 02:00:00,15.946367974680076
2012-06-22 03:00:00,7.3753000379947915
2012-06-22 04:00:00,7.565807201774121
2012-06-22 05:00:00,36.837447908019776
2012-06-22 06:00:00,143.91110356327465
2012-06-22 07:00:00,415.8642724113416
2012-06-22 08:00:00,619.020583803972
2012-06-22 09:00:00,334.6888038207099
2012-06-22 10:00:00,242.93597726087717
2012-06-22 11:00:00,258.3796384112122
2012-06-22 12:00:00,328.32782706237924
2012-06-22 13:00:00,329.7611911357385
2012-06-22 14:00:00,329.7611911357385
2012-06-22 15:00:00,328.2873101288743
2012-06-22 16:00:00,407.59996289610535
2012-06-22 17:00:00,738.0847227507222
2012-06-22 18:00:00,737.2368047190721
2012-06-22 19:00:00,536.1035520308875
2012-06-22 20:00:00,376.29753686684774
2012-06-22 21:00:00,186.05261483942962
2012-06-22 22:00:00,253.01441738026756
2012-06-22 23:00:00,188.50815210098173
2012-06-23 00:00:00,159.2637606331977
2012-06-23 01:00:00,107.65650160178974
2012-06-23 02:00:00,75.78825587486335
2012-06-23 03:00:00,30.112401839688705
2012-06-23 04:00:00,10.133857346086371
2012-06-23 05:00:00,10.425690835368535
2012-06-23 06:00:00,36.69563345287007
2012-06-23 07:00:00,66.87771965620523
2012-06-23 08:00:00,191.70963063456944
2012-06-23 09:00:00,285.72581092701114
2012-06-23 10:00:00,408.8507829669785
2012-06-23 11:00:00,532.0051015134947
2012-06-23 12:00:00,553.9010917184797
2012-06-23 13:00:00,553.0098460428713
2012-06-23 14:00:00,555.3751932245809
2012-06-23 15:00:00,548.9039334652462
2012-06-23 16:00:00,521.4930070107972
2012-06-23 17:00:00,502.45464246638977
2012-06-23 18:00:00,455.5186254568984
2012-06-23 19:00:00,408.8170129810877
2012-06-23 20:00:00,335.6730207020392
2012-06-23 21:00:00,286.1227847611591
2012-06-23 22:00:00,266.94518774417014
2012-06-23 23:00:00,202.82725859589175
2012-06-24 00:00:00,172.37157948738152
2012-06-24 01:00:00,121.57979625165763
2012-06-24 02:00:00,85.2822006794802
2012-06-24 03:00:00,35.34637733297161
2012-06-24 04:00:00,11.897465034859493
2012-06-24 05:00:00,12.1037753512507
2012-06-24 06:00:00,19.481803343215763
2012-06-24 07:00:00,47.41734902322261
2012-06-24 08:00:00,139.37840051273767
2012-06-24 09:00:00,258.8040588404839
2012-06-24 10:00:00,404.5205540959572
2012-06-24 11:00:00,529.7749834216919
2012-06-24 12:00:00,553.1546793038822
2012-06-24 13:00:00,553.1546793038822
2012-06-24 14:00:00,546.8795939838699
2012-06-24 15:00:00,546.8595448024894
2012-06-24 16:00:00,519.5604952810496
2012-06-24 17:00:00,505.2286203442872
2012-06-24 18:00:00,466.82025938576044
2012-06-24 19:00:00,416.3033518058535
2012-06-24 20:00:00,316.891877149642
2012-06-24 21:00:00,228.70237765269667
2012-06-24 22:00:00,151.59547190120082
2012-06-24 23:00:00,104.03364997843148
2012-06-25 00:00:00,42.49018031082967
2012-06-25 01:00:00,17.681317700554438
2012-06-25 02:00:00,9.392484832250364
2012-06-25 03:00:00,5.493927345979374
2012-06-25 04:00:00,7.24565619787147
2012-06-25 05:00:00,38.000692042806534
2012-06-25 06:00:00,148.42496094133313
2012-06-25 07:00:00,477.9900216027355
2012-06-25 08:00:00,657.1830563373453
2012-06-25 09:00:00,324.48071624541524
2012-06-25 10:00:00,203.96416788703755
2012-06-25 11:00:00,219.3179969759555
2012-06-25 12:00:00,266.10224009946353
2012-06-25 13:00:00,266.10224009946353
2012-06-25 14:00:00,266.10224009946353
2012-06-25 15:00:00,266.2067898745618
2012-06-25 16:00:00,411.0825925926065
2012-06-25 17:00:00,743.3101650559469
2012-06-25 18:00:00,744.5104695206021
2012-06-25 19:00:00,553.2432494665504
2012-06-25 20:00:00,428.4824451747805
2012-06-25 21:00:00,282.63788792811954
2012-06-25 22:00:00,195.23740001963745
2012-06-25 23:00:00,107.32465518595025
2012-06-26 00:00:00,41.00774728866127
2012-06-26 01:00:00,14.474754513683065
2012-06-26 02:00:00,9.160955280472828
2012-06-26 03:00:00,5.818981542977536
2012-06-26 04:00:00,8.481344072915697
2012-06-26 05:00:00,38.63138824082547
2012-06-26 06:00:00,152.44767007607163
2012-06-26 07:00:00,447.7676901997294
2012-06-26 08:00:00,647.7867423352182
2012-06-26 09:00:00,326.56613289038506
2012-06-26 10:00:00,204.06803001403506
2012-06-26 11:00:00,219.42963939627535
2012-06-26 12:00:00,266.2375896440621
2012-06-26 13:00:00,266.2375896440621
2012-06-26 14:00:00,266.2375896440621
2012-06-26 15:00:00,266.3228804756699
2012-06-26 16:00:00,412.96545204389855
2012-06-26 17:00:00,744.9257093788576
2012-06-26 18:00:00,745.5043910704339
2012-06-26 19:00:00,551.3383502300895
2012-06-26 20:00:00,429.83197916684253
2012-06-26 21:00:00,294.8776767178424
2012-06-26 22:00:00,200.12878838908233
2012-06-26 23:00:00,125.31260673532569
2012-06-27 00:00:00,43.35487015309293
2012-06-27 01:00:00,15.648460379987943
2012-06-27 02:00:00,9.191953196664894
2012-06-27 03:00:00,6.325689463482233
2012-06-27 04:00:00,8.056351690178115
2012-06-27 05:00:00,38.839026547630525
2012-06-27 06:00:00,151.82206822532382
2012-06-27 07:00:00,444.6946429123959
2012-06-27 08:00:00,652.3030861189626
2012-06-27 09:00:00,328.622822835604
2012-06-27 10:00:00,204.2219554217131
2012-06-27 11:00:00,219.42963939627535
2012-06-27 12:00:00,266.2375896440621
2012-06-27 13:00:00,266.1215360822972
2012-06-27 14:00:00,266.1215360822972
2012-06-27 15:00:00,266.2067898745618
2012-06-27 16:00:00,411.7045863210941
2012-06-27 17:00:00,744.2638115617094
2012-06-27 18:00:00,754.9491017252828
2012-06-27 19:00:00,552.6148145224331
2012-06-27 20:00:00,438.5840531133129
2012-06-27 21:00:00,308.9440584405951
2012-06-27 22:00:00,261.8816006968307
2012-06-27 23:00:00,153.26106081155666
2012-06-28 00:00:00,63.49438271179449
2012-06-28 01:00:00,21.590629054160722
2012-06-28 02:00:00,9.910413102911711
2012-06-28 03:00:00,6.605293438368942
2012-06-28 04:00:00,7.318608865932681
2012-06-28 05:00:00,38.23364711812144
2012-06-28 06:00:00,149.31633251403247
2012-06-28 07:00:00,480.92869194197027
2012-06-28 08:00:00,650.9625819905605
2012-06-28 09:00:00,332.4051821196149
2012-06-28 10:00:00,203.96416788703755
2012-06-28 11:00:00,219.44864736129068
2012-06-28 12:00:00,266.1215360822972
2012-06-28 13:00:00,266.1215360822972
2012-06-28 14:00:00,266.1215360822972
2012-06-28 15:00:00,266.2067898745618
2012-06-28 16:00:00,415.28869405087534
2012-06-28 17:00:00,751.8510123484757
2012-06-28 18:00:00,754.5743176801113
2012-06-28 19:00:00,552.6148145224331
2012-06-28 20:00:00,440.69275292327296
2012-06-28 21:00:00,311.4188859115271
2012-06-28 22:00:00,257.91064807679345
2012-06-28 23:00:00,181.58258565516257
2012-06-29 00:00:00,82.15094814456275
2012-06-29 01:00:00,37.02122396237525
2012-06-29 02:00:00,16.3698652760677
2012-06-29 03:00:00,7.00820172037096
2012-06-29 04:00:00,7.603215789526559
2012-06-29 05:00:00,36.360552017962256
2012-06-29 06:00:00,143.87568517459883
2012-06-29 07:00:00,418.96037785216583
2012-06-29 08:00:00,628.9340652729857
2012-06-29 09:00:00,337.205074444174
2012-06-29 10:00:00,242.68940654771905
2012-06-29 11:00:00,258.54114535544403
2012-06-29 12:00:00,328.29647379242897
2012-06-29 13:00:00,328.1746378876653
2012-06-29 14:00:00,328.0333579732033
2012-06-29 15:00:00,327.50647554530315
2012-06-29 16:00:00,399.8790302929562
2012-06-29 17:00:00,728.4243478677496
2012-06-29 18:00:00,728.4243478677496
2012-06-29 19:00:00,535.4940681363196
2012-06-29 20:00:00,382.5682539051403
2012-06-29 21:00:00,371.1827928252842
2012-06-29 22:00:00,173.06726530824324
2012-06-29 23:00:00,128.2383125471216
2012-06-30 00:00:00,107.71329895621038
2012-06-30 01:00:00,112.24116479397281
2012-06-30 02:00:00,67.16977432232618
2012-06-30 03:00:00,30.562263016649386
2012-06-30 04:00:00,11.741950116108026
2012-06-30 05:00:00,10.781412159914236
2012-06-30 06:00:00,33.488717046029336
2012-06-30 07:00:00,68.639396699196
2012-06-30 08:00:00,180.48013588823116
2012-06-30 09:00:00,264.7288953448316
2012-06-30 10:00:00,393.3088822210825
2012-06-30 11:00:00,509.22179154637047
2012-06-30 12:00:00,526.9569842351927
2012-06-30 13:00:00,526.9569842351927
2012-06-30 14:00:00,526.6831987420424
2012-06-30 15:00:00,526.9385792998473
2012-06-30 16:00:00,447.241799431957
2012-06-30 17:00:00,420.4373248131796
2012-06-30 18:00:00,413.9445949677229
2012-06-30 19:00:00,409.2711039858534
2012-06-30 20:00:00,315.0496835221726
2012-06-30 21:00:00,286.4115509653422
2012-06-30 22:00:00,246.33466680727787
2012-06-30 23:00:00,198.20104258990102
2012-07-20 00:00:00,64.66848104215468
2012-07-20 01:00:00,32.88749829561393
2012-07-20 02:00:00,11.321584369061407
2012-07-20 03:00:00,6.6995814137814405
2012-07-20 04:00:00,7.074418937909041
2012-07-20 05:00:00,38.346519863314
2012-07-20 06:00:00,153.75990925304825
2012-07-20 07:00:00,427.4024433193905
2012-07-20 08:00:00,608.163879660081
2012-07-20 09:00:00,330.48008953086935
2012-07-20 10:00:00,230.24068737386338
2012-07-20 11:00:00,301.96189098544994
2012-07-20 12:00:00,109.66082168523388
2012-07-20 13:00:00,125.94979766284943
2012-07-20 14:00:00,114.88415820112652
2012-07-20 15:00:00,287.34629809208894
2012-07-20 16:00:00,306.6160755528266
2012-07-20 17:00:00,298.32696006575236
2012-07-20 18:00:00,435.9020967489074
2012-07-20 19:00:00,332.1504740960607
2012-07-20 20:00:00,114.03194514760878
2012-07-20 21:00:00,126.10090353998814
2012-07-20 22:00:00,199.67111111239439
2012-07-20 23:00:00,160.04077193685572
2012-07-21 00:00:00,107.36357532725191
2012-07-21 01:00:00,112.64460063911835
2012-07-21 02:00:00,62.6265307629393
2012-07-21 03:00:00,27.23872262634299
2012-07-21 04:00:00,9.405932324843747
2012-07-21 05:00:00,9.7257927216281
2012-07-21 06:00:00,27.816451105839768
2012-07-21 07:00:00,71.74849210717278
2012-07-21 08:00:00,186.1094465824491
2012-07-21 09:00:00,268.0129135031696
2012-07-21 10:00:00,158.0306747262788
2012-07-21 11:00:00,461.038854749995
2012-07-21 12:00:00,171.4702149393853
2012-07-21 13:00:00,152.297366355341
2012-07-21 14:00:00,482.3763918583273
2012-07-21 15:00:00,188.6080656960969
2012-07-21 16:00:00,162.14425461386023
2012-07-21 17:00:00,198.402606454774
2012-07-21 18:00:00,290.43309315960073
2012-07-21 19:00:00,270.6874711305155
2012-07-21 20:00:00,144.7646211955194
2012-07-21 21:00:00,184.6558069741617
2012-07-21 22:00:00,160.6795131452772
2012-07-21 23:00:00,147.588031468325
2012-07-22 00:00:00,114.98354950233622
2012-07-22 01:00:00,107.38534666913588
2012-07-22 02:00:00,82.08843272794772
2012-07-22 03:00:00,34.54430940493938
2012-07-22 04:00:00,11.931425639098634
2012-07-22 05:00:00,12.865815593316047
2012-07-22 06:00:00,19.335082976031355
2012-07-22 07:00:00,52.460655411325284
2012-07-22 08:00:00,140.1049225879861
2012-07-22 09:00:00,260.99027876051485
2012-07-22 10:00:00,394.9934798793074
2012-07-22 11:00:00,497.15040483603457
2012-07-22 12:00:00,532.3997498533948
2012-07-22 13:00:00,537.5244200047454
2012-07-22 14:00:00,529.6979783026708
2012-07-22 15:00:00,528.8269766800847
2012-07-22 16:00:00,498.45126849798675
2012-07-22 17:00:00,499.1478547480994
2012-07-22 18:00:00,447.0370291142099
2012-07-22 19:00:00,392.96948466369423
2012-07-22 20:00:00,283.75272301220804
2012-07-22 21:00:00,212.51023888102452
2012-07-22 22:00:00,147.54744644927953
2012-07-22 23:00:00,93.47766440024255
2012-07-23 00:00:00,43.373615010435046
2012-07-23 01:00:00,16.65432923569491
2012-07-23 02:00:00,7.128494800170742
2012-07-23 03:00:00,5.842446656517214
2012-07-23 04:00:00,6.918414997288164
2012-07-23 05:00:00,35.4801202185073
2012-07-23 06:00:00,150.67988401206227
2012-07-23 07:00:00,424.3502420737916
2012-07-23 08:00:00,635.1061835739106
2012-07-23 09:00:00,322.7534459116646
2012-07-23 10:00:00,203.96416788703755
2012-07-23 11:00:00,219.3179969759555
2012-07-23 12:00:00,266.10224009946353
2012-07-23 13:00:00,266.10224009946353
2012-07-23 14:00:00,266.10224009946353
2012-07-23 15:00:00,266.1874877332741
2012-07-23 16:00:00,406.6158680127323
2012-07-23 17:00:00,755.7886988561825
2012-07-23 18:00:00,755.7886988561825
2012-07-23 19:00:00,554.0832314067835
2012-07-23 20:00:00,433.79133330153627
2012-07-23 21:00:00,301.1637002230767
2012-07-23 22:00:00,197.7761959178345
2012-07-23 23:00:00,128.40112141114406
2012-07-24 00:00:00,47.25467246707271
2012-07-24 01:00:00,18.62378935357808
2012-07-24 02:00:00,7.8903540878800005
2012-07-24 03:00:00,5.63861084123136
2012-07-24 04:00:00,6.976713032822666
2012-07-24 05:00:00,38.7785524320796
2012-07-24 06:00:00,172.53070387109514
2012-07-24 07:00:00,481.0046488267439
2012-07-24 08:00:00,659.4536258998338
2012-07-24 09:00:00,319.70627461578806
2012-07-24 10:00:00,203.4728421864753
2012-07-24 11:00:00,218.7878710311336
2012-07-24 12:00:00,265.2628511106186
2012-07-24 13:00:00,264.99682211776866
2012-07-24 14:00:00,264.99682211776866
2012-07-24 15:00:00,266.1874877332741
2012-07-24 16:00:00,396.77693861650744
2012-07-24 17:00:00,755.7169216978339
2012-07-24 18:00:00,754.4237165636091
2012-07-24 19:00:00,552.9093286704318
2012-07-24 20:00:00,433.8540864283112
2012-07-24 21:00:00,302.0688623816514
2012-07-24 22:00:00,211.80926486037617
2012-07-24 23:00:00,119.31092511059062
2012-07-25 00:00:00,44.82194401068793
2012-07-25 01:00:00,18.744919091266066
2012-07-25 02:00:00,9.080624945128253
2012-07-25 03:00:00,5.622344938245618
2012-07-25 04:00:00,6.983507171285937
2012-07-25 05:00:00,38.981249242874895
2012-07-25 06:00:00,168.5592365526325
2012-07-25 07:00:00,441.28781894004993
2012-07-25 08:00:00,651.2781529669401
2012-07-25 09:00:00,330.85880902776324
2012-07-25 10:00:00,204.2219554217131
2012-07-25 11:00:00,219.42963939627535
2012-07-25 12:00:00,266.3213595840234
2012-07-25 13:00:00,266.1215360822972
2012-07-25 14:00:00,266.1215360822972
2012-07-25 15:00:00,266.2067898745618
2012-07-25 16:00:00,413.769029343448
2012-07-25 17:00:00,756.0391711760202
2012-07-25 18:00:00,755.6177447066273
2012-07-25 19:00:00,551.6983175396103
2012-07-25 20:00:00,438.694074158647
2012-07-25 21:00:00,311.8839940510662
2012-07-25 22:00:00,251.08047627121184
2012-07-25 23:00:00,141.50911799878827
2012-07-26 00:00:00,62.420174053302155
2012-07-26 01:00:00,22.84721624389566
2012-07-26 02:00:00,9.644621743314776
2012-07-26 03:00:00,5.766631009937387
2012-07-26 04:00:00,6.90869300783475
2012-07-26 05:00:00,38.338532894334655
2012-07-26 06:00:00,172.3690309812815
2012-07-26 07:00:00,480.2839845227309
2012-07-26 08:00:00,661.5158194992221
2012-07-26 09:00:00,331.7329803374628
2012-07-26 10:00:00,203.8455611312486
2012-07-26 11:00:00,219.02443650645287
2012-07-26 12:00:00,264.99682211776866
2012-07-26 13:00:00,265.08632756994916
2012-07-26 14:00:00,264.76865857425764
2012-07-26 15:00:00,264.85348058576915
2012-07-26 16:00:00,411.993758490318
2012-07-26 17:00:00,738.2749752219286
2012-07-26 18:00:00,737.7326770715806
2012-07-26 19:00:00,551.3571254135554
2012-07-26 20:00:00,439.8041675469696
2012-07-26 21:00:00,306.6162512874962
2012-07-26 22:00:00,248.8317762935507
2012-07-26 23:00:00,166.0707611176087
2012-07-27 00:00:00,83.32571925160059
2012-07-27 01:00:00,43.11149303942422
2012-07-27 02:00:00,16.859664560954922
2012-07-27 03:00:00,7.006998435681304
2012-07-27 04:00:00,7.84597218620611
2012-07-27 05:00:00,37.04357829021226
2012-07-27 06:00:00,152.4460487355591
2012-07-27 07:00:00,425.0203151569224
2012-07-27 08:00:00,619.5021784605163
2012-07-27 09:00:00,330.4996579557123
2012-07-27 10:00:00,243.35276593175234
2012-07-27 11:00:00,258.8687696719094
2012-07-27 12:00:00,328.57465415052525
2012-07-27 13:00:00,329.37831998022034
2012-07-27 14:00:00,329.5258993064712
2012-07-27 15:00:00,330.5409223146186
2012-07-27 16:00:00,464.46583827376037
2012-07-27 17:00:00,737.4380673595101
2012-07-27 18:00:00,738.1890806956287
2012-07-27 19:00:00,539.8560875157765
2012-07-27 20:00:00,390.35914519653136
2012-07-27 21:00:00,307.9001632643935
2012-07-27 22:00:00,249.01994025821455
2012-07-27 23:00:00,196.24026980969575
2012-07-28 00:00:00,162.18479367096998
2012-07-28 01:00:00,98.74481412359174
2012-07-28 02:00:00,74.5332795552143
2012-07-28 03:00:00,32.30742577623977
2012-07-28 04:00:00,9.481545003755596
2012-07-28 05:00:00,11.929028189509898
2012-07-28 06:00:00,35.80010289858429
2012-07-28 07:00:00,66.15342873906695
2012-07-28 08:00:00,189.70331285041
2012-07-28 09:00:00,278.6501562917777
2012-07-28 10:00:00,402.8821318630529
2012-07-28 11:00:00,529.7950361867216
2012-07-28 12:00:00,548.2120188440773
2012-07-28 13:00:00,537.9536259045926
2012-07-28 14:00:00,545.3654978714832
2012-07-28 15:00:00,526.9385792998473
2012-07-28 16:00:00,479.1610474993099
2012-07-28 17:00:00,435.22269545958636
2012-07-28 18:00:00,433.1079725783004
2012-07-28 19:00:00,327.8455282133269
2012-07-28 20:00:00,250.6505249156793
2012-07-28 21:00:00,264.47880229805986
2012-07-28 22:00:00,232.24177667921884
2012-07-28 23:00:00,194.44583101231802
2012-07-29 00:00:00,152.7198310040159
2012-07-29 01:00:00,113.9907352177737
2012-07-29 02:00:00,83.8441127104449
2012-07-29 03:00:00,40.68579240658143
2012-07-29 04:00:00,10.993564833785015
2012-07-29 05:00:00,11.475362231974863
2012-07-29 06:00:00,21.438083143094797
2012-07-29 07:00:00,52.55168204293116
2012-07-29 08:00:00,139.63404484906278
2012-07-29 09:00:00,261.97160005527167
2012-07-29 10:00:00,403.9719829251933
2012-07-29 11:00:00,528.4630148550306
2012-07-29 12:00:00,551.1590364334348
2012-07-29 13:00:00,551.7820946261561
2012-07-29 14:00:00,551.7820946261561
2012-07-29 15:00:00,552.393614829346
2012-07-29 16:00:00,520.1619974151422
2012-07-29 17:00:00,438.2445564756819
2012-07-29 18:00:00,470.924689613189
2012-07-29 19:00:00,404.87837823778005
2012-07-29 20:00:00,293.44082662767306
2012-07-29 21:00:00,214.78472011221203
2012-07-29 22:00:00,141.3326519458036
2012-07-29 23:00:00,93.24231017885042
2012-07-30 00:00:00,47.16804628971139
2012-07-30 01:00:00,16.913481139065507
2012-07-30 02:00:00,9.583014573197161
2012-07-30 03:00:00,6.056175226807914
2012-07-30 04:00:00,7.374258646096257
2012-07-30 05:00:00,36.45063825600339
2012-07-30 06:00:00,148.49430061667945
2012-07-30 07:00:00,463.03162261853953
2012-07-30 08:00:00,657.4015236837681
2012-07-30 09:00:00,323.12868464791626
2012-07-30 10:00:00,204.24087330929416
2012-07-30 11:00:00,219.3179969759555
2012-07-30 12:00:00,266.10224009946353
2012-07-30 13:00:00,266.10224009946353
2012-07-30 14:00:00,266.10224009946353
2012-07-30 15:00:00,266.1874877332741
2012-07-30 16:00:00,407.2873210006736
2012-07-30 17:00:00,755.46593618868
2012-07-30 18:00:00,744.6894549839403
2012-07-30 19:00:00,554.0832314067835
2012-07-30 20:00:00,425.66732678151413
2012-07-30 21:00:00,290.8638744630091
2012-07-30 22:00:00,179.49132262968504
2012-07-30 23:00:00,117.95911906154673
2012-07-31 00:00:00,44.46407038946646
2012-07-31 01:00:00,18.48605624203976
2012-07-31 02:00:00,7.883986701504462
2012-07-31 03:00:00,6.0216964756227975
2012-07-31 04:00:00,6.976713032822666
2012-07-31 05:00:00,38.769321021301664
2012-07-31 06:00:00,169.8034624729464
2012-07-31 07:00:00,430.55439565220763
2012-07-31 08:00:00,640.455653015716
2012-07-31 09:00:00,330.6343099943733
2012-07-31 10:00:00,204.24087330929416
2012-07-31 11:00:00,219.3179969759555
2012-07-31 12:00:00,266.18596761192345
2012-07-31 13:00:00,266.10224009946353
2012-07-31 14:00:00,266.10224009946353
2012-07-31 15:00:00,266.1874877332741
2012-07-31 16:00:00,389.8876297912045
2012-07-31 17:00:00,756.0391711760202
2012-07-31 18:00:00,755.46593618868
2012-07-31 19:00:00,502.64058350086066
2012-07-31 20:00:00,336.2714749090883
2012-07-31 21:00:00,273.7432806424947
2012-07-31 22:00:00,192.76892446565037
2012-07-31 23:00:00,126.69907779924431
2012-08-20 00:00:00,35.31235634085977
2012-08-20 01:00:00,15.744960847782474
2012-08-20 02:00:00,7.672255450450553
2012-08-20 03:00:00,6.0875900520199036
2012-08-20 04:00:00,7.5456547443681155
2012-08-20 05:00:00,36.64399371863095
2012-08-20 06:00:00,151.8311298475647
2012-08-20 07:00:00,474.78111333481075
2012-08-20 08:00:00,678.8704036651551
2012-08-20 09:00:00,325.19926282930885
2012-08-20 10:00:00,204.82733059685376
2012-08-20 11:00:00,219.5758224330332
2012-08-20 12:00:00,266.2086114743463
2012-08-20 13:00:00,266.2086114743463
2012-08-20 14:00:00,266.2086114743463
2012-08-20 15:00:00,266.29389305735924
2012-08-20 16:00:00,450.1246499580916
2012-08-20 17:00:00,791.7686732176828
2012-08-20 18:00:00,559.4794513811385
2012-08-20 19:00:00,444.6246668690883
2012-08-20 20:00:00,269.4667803756072
2012-08-20 21:00:00,222.5385919882022
2012-08-20 22:00:00,147.9240486034346
2012-08-20 23:00:00,89.9357823331415
2012-08-21 00:00:00,35.34672277157892
2012-08-21 01:00:00,15.68376212236056
2012-08-21 02:00:00,5.75763820355615
2012-08-21 03:00:00,6.022927206690164
2012-08-21 04:00:00,6.792229202847123
2012-08-21 05:00:00,38.291194938204036
2012-08-21 06:00:00,172.42637486981477
2012-08-21 07:00:00,477.96538945070654
2012-08-21 08:00:00,677.5742779650058
2012-08-21 09:00:00,331.18239369447576
2012-08-21 10:00:00,205.14229531310198
2012-08-21 11:00:00,219.40573689247964
2012-08-21 12:00:00,266.29237233063213
2012-08-21 13:00:00,266.4278182215245
2012-08-21 14:00:00,266.3440149208408
2012-08-21 15:00:00,266.51316976597434
2012-08-21 16:00:00,455.88498073090693
2012-08-21 17:00:00,792.3548887429253
2012-08-21 18:00:00,792.4580169188948
2012-08-21 19:00:00,417.73575815888364
2012-08-21 20:00:00,409.8881225800227
2012-08-21 21:00:00,283.92660240923686
2012-08-21 22:00:00,181.22553704324443
2012-08-21 23:00:00,109.8089228064965
2012-08-22 00:00:00,44.29786990978924
2012-08-22 01:00:00,17.4255871007405
2012-08-22 02:00:00,8.276302568120245
2012-08-22 03:00:00,6.340932739866294
2012-08-22 04:00:00,7.0940042039769855
2012-08-22 05:00:00,39.64412700215165
2012-08-22 06:00:00,177.91718218628415
2012-08-22 07:00:00,476.1391813173874
2012-08-22 08:00:00,684.4446970979261
2012-08-22 09:00:00,334.5845556629524
2012-08-22 10:00:00,205.14229531310198
2012-08-22 11:00:00,219.40573689247964
2012-08-22 12:00:00,266.29237233063213
2012-08-22 13:00:00,266.2086114743463
2012-08-22 14:00:00,266.2086114743463
2012-08-22 15:00:00,266.29389305735924
2012-08-22 16:00:00,422.2533388983029
2012-08-22 17:00:00,746.3787068914361
2012-08-22 18:00:00,732.0303476234863
2012-08-22 19:00:00,535.7579214339073
2012-08-22 20:00:00,417.1162218127932
2012-08-22 21:00:00,301.6635039104128
2012-08-22 22:00:00,249.0745838820531
2012-08-22 23:00:00,133.5434192522257
2012-08-23 00:00:00,64.23941521534734
2012-08-23 01:00:00,20.15941327377976
2012-08-23 02:00:00,9.530871141682516
2012-08-23 03:00:00,6.480805033337759
2012-08-23 04:00:00,7.181207852555989
2012-08-23 05:00:00,39.43150173615591
2012-08-23 06:00:00,168.51451589383075
2012-08-23 07:00:00,438.7914523931521
2012-08-23 08:00:00,686.0869921883556
2012-08-23 09:00:00,334.23819512975547
2012-08-23 10:00:00,205.14229531310198
2012-08-23 11:00:00,219.52050847993056
2012-08-23 12:00:00,266.3116820489862
2012-08-23 13:00:00,266.22791514165397
2012-08-23 14:00:00,266.2086114743463
2012-08-23 15:00:00,266.29389305735924
2012-08-23 16:00:00,446.1677105208966
2012-08-23 17:00:00,792.489386507496
2012-08-23 18:00:00,792.6927405757353
2012-08-23 19:00:00,558.9355637315125
2012-08-23 20:00:00,437.7551010403695
2012-08-23 21:00:00,310.19470506575436
2012-08-23 22:00:00,233.66671564378166
2012-08-23 23:00:00,169.50093107918994
2012-08-24 00:00:00,80.51942479882828
2012-08-24 01:00:00,39.92440832006038
2012-08-24 02:00:00,16.84839298001956
2012-08-24 03:00:00,8.026972979784352
2012-08-24 04:00:00,7.565304092717169
2012-08-24 05:00:00,39.38115882959112
2012-08-24 06:00:00,151.75165592890824
2012-08-24 07:00:00,428.17027117105135
2012-08-24 08:00:00,636.3633141126872
2012-08-24 09:00:00,341.6572992586872
2012-08-24 10:00:00,246.19005210745803
2012-08-24 11:00:00,259.19908273243277
2012-08-24 12:00:00,332.28295028154525
2012-08-24 13:00:00,331.92521553694405
2012-08-24 14:00:00,331.3509536684275
2012-08-24 15:00:00,332.5001545142545
2012-08-24 16:00:00,489.0120864491018
2012-08-24 17:00:00,771.4048232762264
2012-08-24 18:00:00,768.3056741206788
2012-08-24 19:00:00,539.6589768417901
2012-08-24 20:00:00,379.30300526261647
2012-08-24 21:00:00,292.0400994896891
2012-08-24 22:00:00,229.2216304625818
2012-08-24 23:00:00,193.90713415224866
2012-08-25 00:00:00,146.80735613695038
2012-08-25 01:00:00,114.42928971785646
2012-08-25 02:00:00,81.74475126393874
2012-08-25 03:00:00,32.91821301418991
2012-08-25 04:00:00,10.937928845024215
2012-08-25 05:00:00,11.133989686107359
2012-08-25 06:00:00,31.268891920255893
2012-08-25 07:00:00,64.12636870328355
2012-08-25 08:00:00,189.0901631888591
2012-08-25 09:00:00,284.11608360797584
2012-08-25 10:00:00,407.41306806013426
2012-08-25 11:00:00,527.5807815571138
2012-08-25 12:00:00,342.6414392015956
2012-08-25 13:00:00,558.4571473750678
2012-08-25 14:00:00,329.1120177272452
2012-08-25 15:00:00,511.6157378833635
2012-08-25 16:00:00,508.4553470780243
2012-08-25 17:00:00,478.49337377556344
2012-08-25 18:00:00,462.34700105607754
2012-08-25 19:00:00,340.89214559036685
2012-08-25 20:00:00,151.01440072494307
2012-08-25 21:00:00,223.8176172047152
2012-08-25 22:00:00,209.58936056158552
2012-08-25 23:00:00,163.21440030421536
2012-08-26 00:00:00,150.02702298728823
2012-08-26 01:00:00,113.79824699839139
2012-08-26 02:00:00,86.62535517527218
2012-08-26 03:00:00,36.25872387610422
2012-08-26 04:00:00,11.745002689779604
2012-08-26 05:00:00,11.434234527091515
2012-08-26 06:00:00,13.785891554291144
2012-08-26 07:00:00,58.30888128451481
2012-08-26 08:00:00,138.5845290043999
2012-08-26 09:00:00,257.9014070371001
2012-08-26 10:00:00,401.51340443209926
2012-08-26 11:00:00,512.7222747261699
2012-08-26 12:00:00,345.5780855791485
2012-08-26 13:00:00,235.23327106734686
2012-08-26 14:00:00,465.0950117859519
2012-08-26 15:00:00,165.2168964940072
2012-08-26 16:00:00,181.23497194734367
2012-08-26 17:00:00,286.8768409061733
2012-08-26 18:00:00,308.47017748715723
2012-08-26 19:00:00,256.3043194951578
2012-08-26 20:00:00,188.2055216184583
2012-08-26 21:00:00,178.66111068692476
2012-08-26 22:00:00,127.65459705557777
2012-08-26 23:00:00,90.14828846581452
2012-08-27 00:00:00,42.42991724651361
2012-08-27 01:00:00,15.440762268955675
2012-08-27 02:00:00,7.561570908891221
2012-08-27 03:00:00,6.0934942167936725
2012-08-27 04:00:00,7.466856768465941
2012-08-27 05:00:00,36.649090505414875
2012-08-27 06:00:00,153.5710557254889
2012-08-27 07:00:00,397.23814167854414
2012-08-27 08:00:00,612.4601522680362
2012-08-27 09:00:00,319.02210622181747
2012-08-27 10:00:00,202.75990623092713
2012-08-27 11:00:00,219.52813207659108
2012-08-27 12:00:00,266.29237233063213
2012-08-27 13:00:00,266.2086114743463
2012-08-27 14:00:00,266.2086114743463
2012-08-27 15:00:00,266.29389305735924
2012-08-27 16:00:00,443.80406182830563
2012-08-27 17:00:00,792.489386507496
2012-08-27 18:00:00,791.9170576083014
2012-08-27 19:00:00,558.2217850784882
2012-08-27 20:00:00,428.57521060796626
2012-08-27 21:00:00,290.46697332538247
2012-08-27 22:00:00,170.0638097201618
2012-08-27 23:00:00,118.19009500726943
2012-08-28 00:00:00,41.47704804710901
2012-08-28 01:00:00,17.72505053926947
2012-08-28 02:00:00,7.525837377720051
2012-08-28 03:00:00,5.8974248766190485
2012-08-28 04:00:00,6.993065228017228
2012-08-28 05:00:00,39.07843767257704
2012-08-28 06:00:00,173.21180326258252
2012-08-28 07:00:00,421.8536376149399
2012-08-28 08:00:00,629.4031479983628
2012-08-28 09:00:00,333.4925653406759
2012-08-28 10:00:00,205.14229531310198
2012-08-28 11:00:00,219.40573689247964
2012-08-28 12:00:00,266.2086114743463
2012-08-28 13:00:00,266.2086114743463
2012-08-28 14:00:00,266.22791514165397
2012-08-28 15:00:00,266.31320288557356
2012-08-28 16:00:00,446.6487671416879
2012-08-28 17:00:00,773.2304671536319
2012-08-28 18:00:00,792.1516212365772
2012-08-28 19:00:00,559.5656922639558
2012-08-28 20:00:00,430.67823070243537
2012-08-28 21:00:00,299.1445781450404
2012-08-28 22:00:00,213.33110771145527
2012-08-28 23:00:00,139.06691519276217
2012-08-29 00:00:00,46.711104383372366
2012-08-29 01:00:00,19.01242251623423
2012-08-29 02:00:00,8.671746092274448
2012-08-29 03:00:00,6.309529005715125
2012-08-29 04:00:00,6.938711567142313
2012-08-29 05:00:00,38.94359262614687
2012-08-29 06:00:00,173.86591037076343
2012-08-29 07:00:00,470.48992226823293
2012-08-29 08:00:00,685.8449474309257
2012-08-29 09:00:00,334.5560284975743
2012-08-29 10:00:00,205.14229531310198
2012-08-29 11:00:00,219.40573689247964
2012-08-29 12:00:00,266.3116820489862
2012-08-29 13:00:00,266.29237233063213
2012-08-29 14:00:00,266.22791514165397
2012-08-29 15:00:00,266.31320288557356
2012-08-29 16:00:00,452.8086523944795
2012-08-29 17:00:00,792.9408319491591
2012-08-29 18:00:00,792.6927405757353
2012-08-29 19:00:00,558.9355637315125
2012-08-29 20:00:00,437.9476760037136
2012-08-29 21:00:00,310.4772685425543
2012-08-29 22:00:00,257.734694371518
2012-08-29 23:00:00,149.2624298126394
2012-08-30 00:00:00,62.957887797018515
2012-08-30 01:00:00,22.53102711555693
2012-08-30 02:00:00,9.660046220540615
2012-08-30 03:00:00,6.497067906171185
2012-08-30 04:00:00,7.18899779662767
2012-08-30 05:00:00,39.70182808957564
2012-08-30 06:00:00,170.92700000258884
2012-08-30 07:00:00,474.088431876317
2012-08-30 08:00:00,686.3847109866317
2012-08-30 09:00:00,334.8886151227801
2012-08-30 10:00:00,205.14229531310198
2012-08-30 11:00:00,219.53643930830742
2012-08-30 12:00:00,266.2086114743463
2012-08-30 13:00:00,266.2086114743463
2012-08-30 14:00:00,266.2086114743463
2012-08-30 15:00:00,266.29389305735924
2012-08-30 16:00:00,445.3418793264527
2012-08-30 17:00:00,792.6781504267707
2012-08-30 18:00:00,792.489386507496
2012-08-30 19:00:00,560.1629363667481
2012-08-30 20:00:00,441.016259303872
2012-08-30 21:00:00,310.81686934433424
2012-08-30 22:00:00,251.45513508651234
2012-08-30 23:00:00,166.05275157771274
2012-08-31 00:00:00,79.2521916110776
2012-08-31 01:00:00,36.43983109453134
2012-08-31 02:00:00,11.322425016660173
2012-08-31 03:00:00,7.496930594432945
2012-08-31 04:00:00,7.640946073775485
2012-08-31 05:00:00,38.78751121768742
2012-08-31 06:00:00,155.60996170985896
2012-08-31 07:00:00,414.5326281997117
2012-08-31 08:00:00,636.0096705853346
2012-08-31 09:00:00,337.30794568252463
2012-08-31 10:00:00,244.48093715761237
2012-08-31 11:00:00,257.7859344437031
2012-08-31 12:00:00,329.7002449594132
2012-08-31 13:00:00,329.7002449594132
2012-08-31 14:00:00,327.8481250413944
2012-08-31 15:00:00,328.1019342319189
2012-08-31 16:00:00,474.05594556493276
2012-08-31 17:00:00,769.7765906184583
2012-08-31 18:00:00,770.3781413498225
2012-08-31 19:00:00,546.511162012223
2012-08-31 20:00:00,391.3494487082492
2012-08-31 21:00:00,307.3633992097069
2012-08-31 22:00:00,248.80139710377404
2012-08-31 23:00:00,202.20799494439964
2012-09-20 00:00:00,53.09238462600389
2012-09-20 01:00:00,18.98140662660285
2012-09-20 02:00:00,10.00390100618752
2012-09-20 03:00:00,6.41121840768497
2012-09-20 04:00:00,7.112465390105326
2012-09-20 05:00:00,42.03062085468866
2012-09-20 06:00:00,178.36775391863327
2012-09-20 07:00:00,471.31117797999235
2012-09-20 08:00:00,730.0136877981096
2012-09-20 09:00:00,334.5110415638459
2012-09-20 10:00:00,204.74404746051349
2012-09-20 11:00:00,219.52050847993056
2012-09-20 12:00:00,267.6624209891762
2012-09-20 13:00:00,267.6624209891762
2012-09-20 14:00:00,267.6624209891762
2012-09-20 15:00:00,267.74816656613064
2012-09-20 16:00:00,454.48254488757703
2012-09-20 17:00:00,793.6225706095884
2012-09-20 18:00:00,793.0494243661165
2012-09-20 19:00:00,543.1936121422351
2012-09-20 20:00:00,391.753399438805
2012-09-20 21:00:00,278.3381344552982
2012-09-20 22:00:00,228.03823458386648
2012-09-20 23:00:00,152.04802175480924
2012-09-21 00:00:00,73.82914304174068
2012-09-21 01:00:00,38.52953063985633
2012-09-21 02:00:00,17.7777917476076
2012-09-21 03:00:00,8.45893580000145
2012-09-21 04:00:00,9.040605852218539
2012-09-21 05:00:00,41.79268924173048
2012-09-21 06:00:00,154.06234926239534
2012-09-21 07:00:00,445.1321412927014
2012-09-21 08:00:00,651.4096155766446
2012-09-21 09:00:00,337.6654940889439
2012-09-21 10:00:00,243.96163951999847
2012-09-21 11:00:00,259.394316694795
2012-09-21 12:00:00,330.4641969202609
2012-09-21 13:00:00,336.72306681876364
2012-09-21 14:00:00,336.72306681876364
2012-09-21 15:00:00,337.2726595582265
2012-09-21 16:00:00,516.9927674413844
2012-09-21 17:00:00,772.3935340645224
2012-09-21 18:00:00,770.3501648120098
2012-09-21 19:00:00,539.4878969694884
2012-09-21 20:00:00,379.7515521933719
2012-09-21 21:00:00,273.4326548895304
2012-09-21 22:00:00,238.33290809127746
2012-09-21 23:00:00,185.50022254631665
2012-09-22 00:00:00,152.02576468429504
2012-09-22 01:00:00,114.8825304011674
2012-09-22 02:00:00,71.04331002026946
2012-09-22 03:00:00,32.09037445154433
2012-09-22 04:00:00,12.129806427896066
2012-09-22 05:00:00,13.002847030027075
2012-09-22 06:00:00,31.605672116829506
2012-09-22 07:00:00,71.3110130550152
2012-09-22 08:00:00,191.3396547402893
2012-09-22 09:00:00,294.69379722741206
2012-09-22 10:00:00,411.5906275511162
2012-09-22 11:00:00,538.7655121488968
2012-09-22 12:00:00,559.9588183292765
2012-09-22 13:00:00,560.5526113604703
2012-09-22 14:00:00,555.3756801897207
2012-09-22 15:00:00,560.3156294243804
2012-09-22 16:00:00,556.0253235899264
2012-09-22 17:00:00,520.0356978089795
2012-09-22 18:00:00,467.11702400595743
2012-09-22 19:00:00,420.6467226885226
2012-09-22 20:00:00,310.0802438728233
2012-09-22 21:00:00,282.44959048857567
2012-09-22 22:00:00,249.35190386077122
2012-09-22 23:00:00,202.68137499421687
2012-09-23 00:00:00,171.56965712448724
2012-09-23 01:00:00,113.20782713189033
2012-09-23 02:00:00,77.73180228465316
2012-09-23 03:00:00,32.17822763166475
2012-09-23 04:00:00,11.402129240854272
2012-09-23 05:00:00,11.946088819668446
2012-09-23 06:00:00,20.668536835727153
2012-09-23 07:00:00,52.66984785137403
2012-09-23 08:00:00,133.333771617324
2012-09-23 09:00:00,255.84638145210516
2012-09-23 10:00:00,403.9981506414681
2012-09-23 11:00:00,531.0971336214767
2012-09-23 12:00:00,556.4559061380577
2012-09-23 13:00:00,567.52096120319
2012-09-23 14:00:00,567.52096120319
2012-09-23 15:00:00,567.796105836451
2012-09-23 16:00:00,575.2050541435497
2012-09-23 17:00:00,527.7466815962657
2012-09-23 18:00:00,475.33988580096957
2012-09-23 19:00:00,384.4639763377829
2012-09-23 20:00:00,235.01236853068883
2012-09-23 21:00:00,167.90606641735636
2012-09-23 22:00:00,134.2905755956944
2012-09-23 23:00:00,82.99034600310098
2012-09-24 00:00:00,41.81020440413204
2012-09-24 01:00:00,16.258076887348178
2012-09-24 02:00:00,8.772681106475634
2012-09-24 03:00:00,5.423253220160364
2012-09-24 04:00:00,7.540023278355351
2012-09-24 05:00:00,42.820246446248234
2012-09-24 06:00:00,154.82236797379193
2012-09-24 07:00:00,471.90414835405176
2012-09-24 08:00:00,723.0155211363826
2012-09-24 09:00:00,330.1273667093575
2012-09-24 10:00:00,204.5133617454526
2012-09-24 11:00:00,220.02808848913236
2012-09-24 12:00:00,266.6560757213388
2012-09-24 13:00:00,267.9648176014206
2012-09-24 14:00:00,266.97770882852865
2012-09-24 15:00:00,268.05065969046586
2012-09-24 16:00:00,457.7154063181738
2012-09-24 17:00:00,772.6475455331242
2012-09-24 18:00:00,768.3514323805414
2012-09-24 19:00:00,520.100079295626
2012-09-24 20:00:00,358.0887865219405
2012-09-24 21:00:00,250.27132328909605
2012-09-24 22:00:00,146.59306468823544
2012-09-24 23:00:00,93.10250919180967
2012-09-25 00:00:00,42.09701390027574
2012-09-25 01:00:00,15.73181854407074
2012-09-25 02:00:00,7.5056266610727524
2012-09-25 03:00:00,5.503146423989494
2012-09-25 04:00:00,6.996069382449394
2012-09-25 05:00:00,42.11605068991021
2012-09-25 06:00:00,170.89004923472032
2012-09-25 07:00:00,462.15677792172414
2012-09-25 08:00:00,721.161038129153
2012-09-25 09:00:00,336.321948674322
2012-09-25 10:00:00,204.74404746051349
2012-09-25 11:00:00,219.54206158167761
2012-09-25 12:00:00,267.82859325654505
2012-09-25 13:00:00,267.82859325654505
2012-09-25 14:00:00,267.9648176014206
2012-09-25 15:00:00,268.05065969046586
2012-09-25 16:00:00,459.04600269047677
2012-09-25 17:00:00,793.5174960991677
2012-09-25 18:00:00,793.8558430307434
2012-09-25 19:00:00,556.6007719039958
2012-09-25 20:00:00,423.75424639982475
2012-09-25 21:00:00,276.4628400137568
2012-09-25 22:00:00,188.74908619354966
2012-09-25 23:00:00,105.1593015100407
2012-09-26 00:00:00,41.60558442248168
2012-09-26 01:00:00,16.080781317292377
2012-09-26 02:00:00,7.314718594140936
2012-09-26 03:00:00,5.5807846869271405
2012-09-26 04:00:00,6.999445028306491
2012-09-26 05:00:00,40.99188771572992
2012-09-26 06:00:00,175.31119346674598
2012-09-26 07:00:00,487.2728986836002
2012-09-26 08:00:00,726.7879306907606
2012-09-26 09:00:00,337.5452003917929
2012-09-26 10:00:00,203.49526704284125
2012-09-26 11:00:00,219.54206158167761
2012-09-26 12:00:00,267.82859325654505
2012-09-26 13:00:00,267.82859325654505
2012-09-26 14:00:00,267.82859325654505
2012-09-26 15:00:00,267.9143918685942
2012-09-26 16:00:00,454.14864864531546
2012-09-26 17:00:00,793.2843229752734
2012-09-26 18:00:00,793.6225706095884
2012-09-26 19:00:00,558.72540693747
2012-09-26 20:00:00,433.65753181335793
2012-09-26 21:00:00,306.91403370605735
2012-09-26 22:00:00,181.0650233071994
2012-09-26 23:00:00,114.92058650598976
2012-09-27 00:00:00,63.266713378919455
2012-09-27 01:00:00,20.417836751674674
2012-09-27 02:00:00,10.017232389431015
2012-09-27 03:00:00,6.720018991524174
2012-09-27 04:00:00,7.069212173142786
2012-09-27 05:00:00,40.66400836968024
2012-09-27 06:00:00,170.00824839557583
2012-09-27 07:00:00,477.43952636663255
2012-09-27 08:00:00,726.4014492053958
2012-09-27 09:00:00,337.3423404327523
2012-09-27 10:00:00,205.14229531310198
2012-09-27 11:00:00,219.65690415730336
2012-09-27 12:00:00,267.82859325654505
2012-09-27 13:00:00,267.82859325654505
2012-09-27 14:00:00,267.82859325654505
2012-09-27 15:00:00,267.9143918685942
2012-09-27 16:00:00,452.48889081784336
2012-09-27 17:00:00,763.0911837500666
2012-09-27 18:00:00,769.0007785719803
2012-09-27 19:00:00,556.8777711455905
2012-09-27 20:00:00,387.51265857510873
2012-09-27 21:00:00,185.0165921815002
2012-09-27 22:00:00,149.81376448082187
2012-09-27 23:00:00,102.08180470951618
2012-09-28 00:00:00,59.70701802008992
2012-09-28 01:00:00,22.458239653259223
2012-09-28 02:00:00,8.573027075982266
2012-09-28 03:00:00,6.393743438036409
2012-09-28 04:00:00,5.773565204236144
2012-09-28 05:00:00,40.04135095396998
2012-09-28 06:00:00,146.04542925623065
2012-09-28 07:00:00,413.53670097205594
2012-09-28 08:00:00,643.9318031298588
2012-09-28 09:00:00,331.6112846066632
2012-09-28 10:00:00,230.32439445510963
2012-09-28 11:00:00,256.6418116017225
2012-09-28 12:00:00,336.9761732160216
2012-09-28 13:00:00,337.1681808716846
2012-09-28 14:00:00,337.1681808716846
2012-09-28 15:00:00,337.71849796632443
2012-09-28 16:00:00,518.4425675463722
2012-09-28 17:00:00,771.7519403229006
2012-09-28 18:00:00,772.3097140056726
2012-09-28 19:00:00,490.39623296824016
2012-09-28 20:00:00,322.6817327904141
2012-09-28 21:00:00,218.95218534813938
2012-09-28 22:00:00,220.35249282648488
2012-09-28 23:00:00,161.32497926542965
2012-09-29 00:00:00,154.80594407898414
2012-09-29 01:00:00,112.2658227061771
2012-09-29 02:00:00,70.89690834716139
2012-09-29 03:00:00,34.804570186376424
2012-09-29 04:00:00,14.221615001291678
2012-09-29 05:00:00,12.947876085341603
2012-09-29 06:00:00,34.03313148030088
2012-09-29 07:00:00,76.17384553582838
2012-09-29 08:00:00,189.56348483312755
2012-09-29 09:00:00,288.3176378815064
2012-09-29 10:00:00,406.0539578884611
2012-09-29 11:00:00,532.3206534416855
2012-09-29 12:00:00,568.4360974181416
2012-09-29 13:00:00,568.6177672901474
2012-09-29 14:00:00,568.6177672901474
2012-09-29 15:00:00,568.1213165614623
2012-09-29 16:00:00,573.1231637988525
2012-09-29 17:00:00,536.0074911450765
2012-09-29 18:00:00,476.3688604058371
2012-09-29 19:00:00,386.70465119698395
2012-09-29 20:00:00,247.2859050252282
2012-09-29 21:00:00,229.75420399848963
2012-09-29 22:00:00,207.60224717698526
2012-09-29 23:00:00,173.84155267012537
2012-09-30 00:00:00,154.3547117917653
2012-09-30 01:00:00,109.00041448991294
2012-09-30 02:00:00,71.77305618374568
2012-09-30 03:00:00,34.56944349590773
2012-09-30 04:00:00,11.246276402478262
2012-09-30 05:00:00,11.248566198820145
2012-09-30 06:00:00,26.678958964126906
2012-09-30 07:00:00,59.5246121617532
2012-09-30 08:00:00,135.373460983614
2012-09-30 09:00:00,258.51764114364306
2012-09-30 10:00:00,407.45228045322926
2012-09-30 11:00:00,540.7549590245656
2012-09-30 12:00:00,567.339641138779
2012-09-30 13:00:00,567.52096120319
2012-09-30 14:00:00,567.52096120319
2012-09-30 15:00:00,567.796105836451
2012-09-30 16:00:00,575.317105603347
2012-09-30 17:00:00,535.1683891970733
2012-09-30 18:00:00,459.8888666821343
2012-09-30 19:00:00,297.5217619243303
2012-09-30 20:00:00,191.58827108519336
2012-09-30 21:00:00,170.36022301151513
2012-09-30 22:00:00,122.04601859025956
2012-09-30 23:00:00,82.7603017482221
2012-10-20 00:00:00,138.2839151733649
2012-10-20 01:00:00,106.44240801494647
2012-10-20 02:00:00,67.77853420061528
2012-10-20 03:00:00,27.12560017431635
2012-10-20 04:00:00,10.772614671675829
2012-10-20 05:00:00,11.176247319642735
2012-10-20 06:00:00,31.330748998765507
2012-10-20 07:00:00,72.65049700235167
2012-10-20 08:00:00,183.3616188436947
2012-10-20 09:00:00,289.9861283869854
2012-10-20 10:00:00,400.9143949225495
2012-10-20 11:00:00,531.4236097046227
2012-10-20 12:00:00,556.6421472874941
2012-10-20 13:00:00,556.9889964442162
2012-10-20 14:00:00,557.7460194178841
2012-10-20 15:00:00,558.0605032221398
2012-10-20 16:00:00,562.6354829801597
2012-10-20 17:00:00,531.0380157264167
2012-10-20 18:00:00,474.43864346164105
2012-10-20 19:00:00,369.9210152976382
2012-10-20 20:00:00,237.37504077847433
2012-10-20 21:00:00,217.27239509288364
2012-10-20 22:00:00,180.39312792073832
2012-10-20 23:00:00,161.99366838948578
2012-10-21 00:00:00,134.0935000346439
2012-10-21 01:00:00,112.60420221717166
2012-10-21 02:00:00,70.50876957370394
2012-10-21 03:00:00,33.73436980906282
2012-10-21 04:00:00,11.390377334092943
2012-10-21 05:00:00,10.961644639156411
2012-10-21 06:00:00,24.346602178428945
2012-10-21 07:00:00,56.88856954719489
2012-10-21 08:00:00,129.68471363096884
2012-10-21 09:00:00,248.67264260140493
2012-10-21 10:00:00,398.07593700338384
2012-10-21 11:00:00,529.0590406444419
2012-10-21 12:00:00,556.1942357193034
2012-10-21 13:00:00,556.9168189895089
2012-10-21 14:00:00,557.2122058687744
2012-10-21 15:00:00,557.8265714572085
2012-10-21 16:00:00,561.6383444388431
2012-10-21 17:00:00,524.6719673794672
2012-10-21 18:00:00,471.28431192318635
2012-10-21 19:00:00,363.11305828373577
2012-10-21 20:00:00,220.64036544746722
2012-10-21 21:00:00,147.74223139674504
2012-10-21 22:00:00,118.63025668898536
2012-10-21 23:00:00,82.34406752642178
2012-10-22 00:00:00,36.12313764333906
2012-10-22 01:00:00,14.582673139356729
2012-10-22 02:00:00,6.297405156898116
2012-10-22 03:00:00,5.4227007756056835
2012-10-22 04:00:00,7.376329050219158
2012-10-22 05:00:00,34.78949488462276
2012-10-22 06:00:00,150.51747592445534
2012-10-22 07:00:00,409.68472811128015
2012-10-22 08:00:00,704.0459176381514
2012-10-22 09:00:00,329.5037100466497
2012-10-22 10:00:00,204.377796364903
2012-10-22 11:00:00,220.02808848913236
2012-10-22 12:00:00,266.6560757213388
2012-10-22 13:00:00,267.9648176014206
2012-10-22 14:00:00,266.97770882852865
2012-10-22 15:00:00,268.05065969046586
2012-10-22 16:00:00,460.6186218901362
2012-10-22 17:00:00,794.3080659000309
2012-10-22 18:00:00,766.7131956540582
2012-10-22 19:00:00,520.4258944891012
2012-10-22 20:00:00,351.0432437368183
2012-10-22 21:00:00,234.09362789130068
2012-10-22 22:00:00,134.20838080186934
2012-10-22 23:00:00,95.55875627551976
2012-10-23 00:00:00,37.08398036255093
2012-10-23 01:00:00,15.275477061815677
2012-10-23 02:00:00,6.6428069988716105
2012-10-23 03:00:00,5.772509009647819
2012-10-23 04:00:00,7.052066468412317
2012-10-23 05:00:00,41.86127561761002
2012-10-23 06:00:00,164.7705401364603
2012-10-23 07:00:00,458.4722526215075
2012-10-23 08:00:00,715.9819637850574
2012-10-23 09:00:00,338.6822234009512
2012-10-23 10:00:00,204.5133617454526
2012-10-23 11:00:00,219.54206158167761
2012-10-23 12:00:00,267.82859325654505
2012-10-23 13:00:00,267.82859325654505
2012-10-23 14:00:00,267.9648176014206
2012-10-23 15:00:00,268.05065969046586
2012-10-23 16:00:00,457.2852489223798
2012-10-23 17:00:00,793.8558430307434
2012-10-23 18:00:00,793.3875719683691
2012-10-23 19:00:00,556.6007719039958
2012-10-23 20:00:00,389.6421517205032
2012-10-23 21:00:00,258.97076515580005
2012-10-23 22:00:00,191.88373155532437
2012-10-23 23:00:00,103.93760340893203
2012-10-24 00:00:00,42.96703607656299
2012-10-24 01:00:00,17.030530682871184
2012-10-24 02:00:00,7.942822086748134
2012-10-24 03:00:00,6.41905016848434
2012-10-24 04:00:00,7.182511996700416
2012-10-24 05:00:00,41.98938154287757
2012-10-24 06:00:00,179.69085785650475
2012-10-24 07:00:00,431.81362777087725
2012-10-24 08:00:00,692.5079902631558
2012-10-24 09:00:00,341.7939472617453
2012-10-24 10:00:00,203.39896112579092
2012-10-24 11:00:00,219.91614296844276
2012-10-24 12:00:00,266.84198443099604
2012-10-24 13:00:00,267.82859325654505
2012-10-24 14:00:00,267.9648176014206
2012-10-24 15:00:00,268.05065969046586
2012-10-24 16:00:00,459.9759034844988
2012-10-24 17:00:00,793.6225706095884
2012-10-24 18:00:00,793.8558430307434
2012-10-24 19:00:00,549.5876579995029
2012-10-24 20:00:00,391.0469006679505
2012-10-24 21:00:00,284.07235794973786
2012-10-24 22:00:00,228.21253412348256
2012-10-24 23:00:00,120.10280584154489
2012-10-25 00:00:00,59.14812094605349
2012-10-25 01:00:00,19.936332947356014
2012-10-25 02:00:00,9.394546113883488
2012-10-25 03:00:00,6.082769054387221
2012-10-25 04:00:00,7.062608635804356
2012-10-25 05:00:00,41.692244107253266
2012-10-25 06:00:00,164.71796066213108
2012-10-25 07:00:00,441.2759754492846
2012-10-25 08:00:00,692.7024647178275
2012-10-25 09:00:00,337.6417700061982
2012-10-25 10:00:00,190.10968733246452
2012-10-25 11:00:00,194.46796041903653
2012-10-25 12:00:00,231.5353223370116
2012-10-25 13:00:00,231.947472066441
2012-10-25 14:00:00,248.17786846896252
2012-10-25 15:00:00,267.21559657675016
2012-10-25 16:00:00,447.8384074051118
2012-10-25 17:00:00,753.630669245714
2012-10-25 18:00:00,339.52598753776334
2012-10-25 19:00:00,312.61011499840527
2012-10-25 20:00:00,266.17782752783967
2012-10-25 21:00:00,223.31660507006575
2012-10-25 22:00:00,207.72411417878334
2012-10-25 23:00:00,129.34045865300502
2012-10-26 00:00:00,67.87889423253301
2012-10-26 01:00:00,25.733205615520674
2012-10-26 02:00:00,9.618946009553168
2012-10-26 03:00:00,6.337848104342333
2012-10-26 04:00:00,6.949113026227975
2012-10-26 05:00:00,41.286470023470095
2012-10-26 06:00:00,145.35822904115193
2012-10-26 07:00:00,433.67186823977505
2012-10-26 08:00:00,625.4250455791945
2012-10-26 09:00:00,330.6826468125581
2012-10-26 10:00:00,226.18888321914898
2012-10-26 11:00:00,241.66753793909504
2012-10-26 12:00:00,311.42088294407915
2012-10-26 13:00:00,321.430602738339
2012-10-26 14:00:00,326.8389909264976
2012-10-26 15:00:00,327.8630962502901
2012-10-26 16:00:00,495.1287173821511
2012-10-26 17:00:00,541.3094059336319
2012-10-26 18:00:00,426.98868382858916
2012-10-26 19:00:00,287.1372204617415
2012-10-26 20:00:00,253.61269052227996
2012-10-26 21:00:00,241.72144444274284
2012-10-26 22:00:00,198.47810816802536
2012-10-26 23:00:00,158.67188980948737
2012-10-27 00:00:00,150.4347622083643
2012-10-27 01:00:00,104.2133817093711
2012-10-27 02:00:00,65.46548430588797
2012-10-27 03:00:00,35.22147400944119
2012-10-27 04:00:00,11.297605855272398
2012-10-27 05:00:00,12.258367824596682
2012-10-27 06:00:00,29.08764568291754
2012-10-27 07:00:00,77.70409242491392
2012-10-27 08:00:00,184.80673977039146
2012-10-27 09:00:00,279.55971753843204
2012-10-27 10:00:00,396.26312251747964
2012-10-27 11:00:00,525.6286113363914
2012-10-27 12:00:00,567.1116739023292
2012-10-27 13:00:00,567.8460146135068
2012-10-27 14:00:00,567.2929212372813
2012-10-27 15:00:00,550.9087693316156
2012-10-27 16:00:00,532.286368628322
2012-10-27 17:00:00,518.605756898801
2012-10-27 18:00:00,463.5239133007655
2012-10-27 19:00:00,376.8320708637931
2012-10-27 20:00:00,239.25665559663705
2012-10-27 21:00:00,216.3935824054798
2012-10-27 22:00:00,198.2620355340747
2012-10-27 23:00:00,138.7445301429074
2012-10-28 00:00:00,115.4097815927258
2012-10-28 01:00:00,111.54022369128568
2012-10-28 02:00:00,78.61966170341509
2012-10-28 03:00:00,30.478768650722913
2012-10-28 04:00:00,11.734559452442959
2012-10-28 05:00:00,13.311857801588575
2012-10-28 06:00:00,20.71554362539152
2012-10-28 07:00:00,51.966829063309646
2012-10-28 08:00:00,133.29287509851235
2012-10-28 09:00:00,252.71791079963825
2012-10-28 10:00:00,389.6372733565779
2012-10-28 11:00:00,526.3599857989772
2012-10-28 12:00:00,540.2073111503634
2012-10-28 13:00:00,540.2073111503634
2012-10-28 14:00:00,549.3672070373834
2012-10-28 15:00:00,543.0605890807191
2012-10-28 16:00:00,327.7988541482268
2012-10-28 17:00:00,239.5214970161502
2012-10-28 18:00:00,147.3401457387611
2012-10-28 19:00:00,128.45478899800395
2012-10-28 20:00:00,129.16035109216438
2012-10-28 21:00:00,114.05300867055392
2012-10-28 22:00:00,74.47426321214925
2012-10-28 23:00:00,61.854205901289006
2012-10-29 00:00:00,22.29211020620896
2012-10-30 13:00:00,132.75697069633654
2012-10-30 14:00:00,132.45226309381783
2012-10-30 15:00:00,145.28633405192608
2012-10-30 16:00:00,199.88336345359693
2012-10-30 17:00:00,288.9552221654699
2012-10-30 18:00:00,296.5502845831818
2012-10-30 19:00:00,515.6744654587111
2012-10-30 20:00:00,224.35456272813613
2012-10-30 21:00:00,165.10614711190328
2012-10-30 22:00:00,133.67029664865314
2012-10-30 23:00:00,97.78632124487496
2012-10-31 00:00:00,33.86362742205569
2012-10-31 01:00:00,14.237831882831477
2012-10-31 02:00:00,4.96101544554319
2012-10-31 03:00:00,5.43161446262463
2012-10-31 04:00:00,6.875232332271411
2012-10-31 05:00:00,33.32416812170535
2012-10-31 06:00:00,147.8036338207608
2012-10-31 07:00:00,334.0191223449551
2012-10-31 08:00:00,575.8899774440814
2012-10-31 09:00:00,306.8811226153261
2012-10-31 10:00:00,185.57392808475166
2012-10-31 11:00:00,190.8555854572628
2012-10-31 12:00:00,245.15548949510662
2012-10-31 13:00:00,250.96802635437146
2012-10-31 14:00:00,250.96802635437146
2012-10-31 15:00:00,253.09613610414814
2012-10-31 16:00:00,363.8147848307673
2012-10-31 17:00:00,554.4840170011828
2012-10-31 18:00:00,545.0529651315643
2012-10-31 19:00:00,408.0987900824507
2012-10-31 20:00:00,276.58413076159087
2012-10-31 21:00:00,204.73023009018436
2012-10-31 22:00:00,150.41522446294996
2012-10-31 23:00:00,105.01127094278588
2012-11-20 00:00:00,31.683516088398783
2012-11-20 01:00:00,13.765765411836748
2012-11-20 02:00:00,4.982309759133516
2012-11-20 03:00:00,5.1297376735490285
2012-11-20 04:00:00,7.143807896314022
2012-11-20 05:00:00,38.008832791380925
2012-11-20 06:00:00,135.16435997678516
2012-11-20 07:00:00,363.8613232384287
2012-11-20 08:00:00,614.9973058480275
2012-11-20 09:00:00,323.4406097653987
2012-11-20 10:00:00,197.99771204301604
2012-11-20 11:00:00,211.7167157539031
2012-11-20 12:00:00,250.69638571017498
2012-11-20 13:00:00,252.10687974722356
2012-11-20 14:00:00,252.08965762597433
2012-11-20 15:00:00,259.43891949487823
2012-11-20 16:00:00,363.17628308908394
2012-11-20 17:00:00,543.1385772521218
2012-11-20 18:00:00,539.5651822725798
2012-11-20 19:00:00,404.0117948681209
2012-11-20 20:00:00,259.4815925850508
2012-11-20 21:00:00,200.5964779718439
2012-11-20 22:00:00,152.65593940724776
2012-11-20 23:00:00,108.36701666652436
2012-11-21 00:00:00,32.20133691819548
2012-11-21 01:00:00,14.384664056845667
2012-11-21 02:00:00,4.668311077071719
2012-11-21 03:00:00,5.662666631141109
2012-11-21 04:00:00,6.925077768051785
2012-11-21 05:00:00,29.532541952353434
2012-11-21 06:00:00,130.71290146800342
2012-11-21 07:00:00,327.6725838503434
2012-11-21 08:00:00,567.028907098953
2012-11-21 09:00:00,311.0181732884169
2012-11-21 10:00:00,187.6535960500717
2012-11-21 11:00:00,206.23861723483034
2012-11-21 12:00:00,253.27841735396657
2012-11-21 13:00:00,253.27841735396657
2012-11-21 14:00:00,259.2084959850236
2012-11-21 15:00:00,261.0040511044262
2012-11-21 16:00:00,368.9170238748777
2012-11-21 17:00:00,559.2954551010197
2012-11-21 18:00:00,565.0737833361833
2012-11-21 19:00:00,400.41603602708494
2012-11-21 20:00:00,260.3179710834898
2012-11-21 21:00:00,201.4738209806428
2012-11-21 22:00:00,146.74453613844105
2012-11-21 23:00:00,115.16444839791205
2012-11-22 00:00:00,76.79319152940428
2012-11-22 01:00:00,57.38879160523515
2012-11-22 02:00:00,17.211866530354918
2012-11-22 03:00:00,7.360687211736095
2012-11-22 04:00:00,7.131101308860583
2012-11-22 05:00:00,12.289124019590304
2012-11-22 06:00:00,30.176220340523965
2012-11-22 07:00:00,149.05601625141475
2012-11-22 08:00:00,297.93992988865017
2012-11-22 09:00:00,281.67331589901073
2012-11-22 10:00:00,269.5759132211183
2012-11-22 11:00:00,347.4224999763849
2012-11-22 12:00:00,390.22084655202855
2012-11-22 13:00:00,407.21860693454397
2012-11-22 14:00:00,421.40202553040206
2012-11-22 15:00:00,422.092874145227
2012-11-22 16:00:00,404.9713646187541
2012-11-22 17:00:00,521.4811018250145
2012-11-22 18:00:00,477.49545753381085
2012-11-22 19:00:00,337.476669478032
2012-11-22 20:00:00,236.40241227342327
2012-11-22 21:00:00,184.5748226151707
2012-11-22 22:00:00,155.23800087826396
2012-11-22 23:00:00,135.69033420508265
2012-11-23 00:00:00,44.7512016057581
2012-11-23 01:00:00,21.571286053836126
2012-11-23 02:00:00,10.091836322609467
2012-11-23 03:00:00,6.952324660736939
2012-11-23 04:00:00,7.990888695260014
2012-11-23 05:00:00,31.614331610361383
2012-11-23 06:00:00,130.29949779571731
2012-11-23 07:00:00,337.6076032265114
2012-11-23 08:00:00,540.5886682608457
2012-11-23 09:00:00,311.29991425333134
2012-11-23 10:00:00,197.15079002195992
2012-11-23 11:00:00,226.7492080345125
2012-11-23 12:00:00,282.025547496861
2012-11-23 13:00:00,293.8826355044961
2012-11-23 14:00:00,323.60934325361234
2012-11-23 15:00:00,319.96051527183255
2012-11-23 16:00:00,452.0731041064908
2012-11-23 17:00:00,652.4353857554803
2012-11-23 18:00:00,617.9261401872628
2012-11-23 19:00:00,451.54262715307914
2012-11-23 20:00:00,294.34844813298906
2012-11-23 21:00:00,231.177343755864
2012-11-23 22:00:00,164.1027665226341
2012-11-23 23:00:00,116.4569120294795
2012-11-24 00:00:00,112.84276664451578
2012-11-24 01:00:00,96.41727946710715
2012-11-24 02:00:00,39.68815062049881
2012-11-24 03:00:00,14.626915874187832
2012-11-24 04:00:00,6.721628316351386
2012-11-24 05:00:00,6.356128771507331
2012-11-24 06:00:00,19.38907157607984
2012-11-24 07:00:00,61.132827847941385
2012-11-24 08:00:00,146.97805607458136
2012-11-24 09:00:00,210.79877602980596
2012-11-24 10:00:00,268.0621606770386
2012-11-24 11:00:00,324.74680805401056
2012-11-24 12:00:00,349.6567637066031
2012-11-24 13:00:00,390.794183396554
2012-11-24 14:00:00,375.15920538775515
2012-11-24 15:00:00,351.02966615165667
2012-11-24 16:00:00,330.58998366302416
2012-11-24 17:00:00,279.62680984458194
2012-11-24 18:00:00,249.56111760892537
2012-11-24 19:00:00,202.47980532172303
2012-11-24 20:00:00,151.11424110155522
2012-11-24 21:00:00,132.09555742141268
2012-11-24 22:00:00,115.0655227895806
2012-11-24 23:00:00,88.80332886840038
2012-11-25 00:00:00,109.9811918518109
2012-11-25 01:00:00,116.6945449294366
2012-11-25 02:00:00,40.85215105282603
2012-11-25 03:00:00,18.9930739514718
2012-11-25 04:00:00,6.419684289493343
2012-11-25 05:00:00,7.058175693672001
2012-11-25 06:00:00,16.22121556548981
2012-11-25 07:00:00,51.02174609743379
2012-11-25 08:00:00,129.99726453839102
2012-11-25 09:00:00,191.50799841893
2012-11-25 10:00:00,261.06237506159914
2012-11-25 11:00:00,300.4729235739656
2012-11-25 12:00:00,320.07123102371963
2012-11-25 13:00:00,320.72515091628344
2012-11-25 14:00:00,343.9771829566957
2012-11-25 15:00:00,339.93835530814727
2012-11-25 16:00:00,330.0956367688462
2012-11-25 17:00:00,259.44586041176024
2012-11-25 18:00:00,212.69508929398728
2012-11-25 19:00:00,176.75889161028704
2012-11-25 20:00:00,125.90273783428617
2012-11-25 21:00:00,102.53290318097993
2012-11-25 22:00:00,87.13108901249555
2012-11-25 23:00:00,56.51172778599066
2012-11-26 00:00:00,23.039446265610504
2012-11-26 01:00:00,11.885623228187807
2012-11-26 02:00:00,3.634085115874263
2012-11-26 03:00:00,5.016187461706037
2012-11-26 04:00:00,7.1215097354751915
2012-11-26 05:00:00,36.32508949439158
2012-11-26 06:00:00,138.71666493752255
2012-11-26 07:00:00,371.18696435960794
2012-11-26 08:00:00,641.6584229700693
2012-11-26 09:00:00,302.8721311931017
2012-11-26 10:00:00,183.56246205831428
2012-11-26 11:00:00,207.5639360828165
2012-11-26 12:00:00,252.48508463570207
2012-11-26 13:00:00,252.5253859349677
2012-11-26 14:00:00,252.54263770644377
2012-11-26 15:00:00,254.13592184028943
2012-11-26 16:00:00,369.6493423235866
2012-11-26 17:00:00,572.0494698365162
2012-11-26 18:00:00,535.6673536550298
2012-11-26 19:00:00,380.24364545694885
2012-11-26 20:00:00,258.37836111826635
2012-11-26 21:00:00,186.76009965170005
2012-11-26 22:00:00,128.7074103721081
2012-11-26 23:00:00,87.36741077224029
2012-11-27 00:00:00,29.936676442978957
2012-11-27 01:00:00,13.780858167736584
2012-11-27 02:00:00,5.560031514906908
2012-11-27 03:00:00,4.708148879502191
2012-11-27 04:00:00,6.074797258605331
2012-11-27 05:00:00,32.02309287985153
2012-11-27 06:00:00,129.40976356365695
2012-11-27 07:00:00,176.29116789927804
2012-11-27 08:00:00,230.76522933196048
2012-11-27 09:00:00,276.22820696790575
2012-11-27 10:00:00,137.45548509692478
2012-11-27 11:00:00,128.7053465235381
2012-11-27 12:00:00,138.51391087402186
2012-11-27 13:00:00,148.8861252923015
2012-11-27 14:00:00,141.73282194298244
2012-11-27 15:00:00,198.15534818443442
2012-11-27 16:00:00,297.447670884534
2012-11-27 17:00:00,467.17898077246326
2012-11-27 18:00:00,408.8539822080995
2012-11-27 19:00:00,348.2369738839459
2012-11-27 20:00:00,225.91837694314137
2012-11-27 21:00:00,152.05792181146938
2012-11-27 22:00:00,125.6571514091496
2012-11-27 23:00:00,76.56102660124687
2012-11-28 00:00:00,29.072846772230353
2012-11-28 01:00:00,17.395860394977795
2012-11-28 02:00:00,5.01571865640577
2012-11-28 03:00:00,4.672946950756328
2012-11-28 04:00:00,6.844663962630891
2012-11-28 05:00:00,34.71009042038696
2012-11-28 06:00:00,135.40337235557774
2012-11-28 07:00:00,370.7388745396963
2012-11-28 08:00:00,638.8465458642715
2012-11-28 09:00:00,318.1294064841871
2012-11-28 10:00:00,179.37164701512546
2012-11-28 11:00:00,186.19920003980928
2012-11-28 12:00:00,214.75952464461704
2012-11-28 13:00:00,236.50403742958778
2012-11-28 14:00:00,236.45614002762375
2012-11-28 15:00:00,241.01622524616263
2012-11-28 16:00:00,357.25371369221654
2012-11-28 17:00:00,550.9083448556353
2012-11-28 18:00:00,534.3585473968714
2012-11-28 19:00:00,381.5581910680123
2012-11-28 20:00:00,251.00068516766632
2012-11-28 21:00:00,181.6646723699067
2012-11-28 22:00:00,126.0793340104395
2012-11-28 23:00:00,79.660273299332
2012-11-29 00:00:00,32.889358168812144
2012-11-29 01:00:00,16.728643590745424
2012-11-29 02:00:00,5.289738897149415
2012-11-29 04:00:00,6.722170008923742
2012-11-29 05:00:00,34.91146081038267
2012-11-29 06:00:00,138.88979712691815
2012-11-29 07:00:00,368.42302855752007
2012-11-29 08:00:00,627.9001296472879
2012-11-29 09:00:00,322.87859265119306
2012-11-29 10:00:00,173.9445177426582
2012-11-29 11:00:00,194.67914051863696
2012-11-29 12:00:00,240.30484784690665
2012-11-29 13:00:00,247.46435451653167
2012-11-29 14:00:00,239.304948465362
2012-11-29 15:00:00,244.2605610546564
2012-11-29 16:00:00,360.4931396258872
2012-11-29 17:00:00,556.7315254821242
2012-11-29 18:00:00,539.9227449767847
2012-11-29 19:00:00,377.2274803970978
2012-11-29 20:00:00,252.76301874930002
2012-11-29 21:00:00,175.40224319277502
2012-11-29 22:00:00,145.75936123311016
2012-11-29 23:00:00,130.5161309739414
2012-11-30 00:00:00,44.16741322099463
2012-11-30 01:00:00,23.504015366055135
2012-11-30 02:00:00,10.019322006406554
2012-11-30 03:00:00,7.204166322475535
2012-11-30 04:00:00,8.102790588822286
2012-11-30 05:00:00,31.860198674305444
2012-11-30 06:00:00,129.7232702670411
2012-11-30 07:00:00,336.7413615376588
2012-11-30 08:00:00,545.9906713586289
2012-11-30 09:00:00,318.4603996137769
2012-11-30 10:00:00,191.47655741908193
2012-11-30 11:00:00,204.8720278167154
2012-11-30 12:00:00,268.38533740585257
2012-11-30 13:00:00,271.40410782392604
2012-11-30 14:00:00,271.17088124560473
2012-11-30 15:00:00,279.89700810704977
2012-11-30 16:00:00,398.64541672002423
2012-11-30 17:00:00,551.1137010438187
2012-11-30 18:00:00,523.5781524264469
2012-11-30 19:00:00,370.8751974846797
2012-11-30 20:00:00,241.0598925578492
2012-11-30 21:00:00,178.5115267654911
2012-11-30 22:00:00,152.9340666128895
2012-11-30 23:00:00,134.52367790342527
2012-12-20 00:00:00,43.99106319341762
2012-12-20 01:00:00,17.26452023252427
2012-12-20 02:00:00,7.5198205756797485
2012-12-20 03:00:00,5.220094531702878
2012-12-20 04:00:00,7.021470236548966
2012-12-20 05:00:00,34.78772935175525
2012-12-20 06:00:00,136.37382648352514
2012-12-20 07:00:00,368.7405704248362
2012-12-20 08:00:00,617.724301754418
2012-12-20 09:00:00,314.18279435423557
2012-12-20 10:00:00,181.12928653001475
2012-12-20 11:00:00,184.91795698985726
2012-12-20 12:00:00,238.83325276119265
2012-12-20 13:00:00,238.76720353330978
2012-12-20 14:00:00,238.87174147026442
2012-12-20 15:00:00,241.62266445776407
2012-12-20 16:00:00,329.17246614458924
2012-12-20 17:00:00,545.8927267686256
2012-12-20 18:00:00,517.195398975266
2012-12-20 19:00:00,299.53493539842293
2012-12-20 20:00:00,224.45592280560064
2012-12-20 21:00:00,125.66477050170306
2012-12-20 22:00:00,83.39283481689193
2012-12-20 23:00:00,79.56773955616433
2012-12-21 00:00:00,37.11601984555982
2012-12-21 01:00:00,20.732856944132383
2012-12-21 02:00:00,8.300546416906927
2012-12-21 03:00:00,4.814682249150655
2012-12-21 04:00:00,6.302278194396504
2012-12-21 05:00:00,29.85343844014731
2012-12-21 06:00:00,101.35211202250258
2012-12-21 07:00:00,322.19458181007633
2012-12-21 08:00:00,547.3338231864522
2012-12-21 09:00:00,277.7133889015403
2012-12-21 10:00:00,173.6715495598771
2012-12-21 11:00:00,176.34887662055462
2012-12-21 12:00:00,194.04200252669546
2012-12-21 13:00:00,193.1046154875654
2012-12-21 14:00:00,192.31062153423932
2012-12-21 15:00:00,190.99501774951568
2012-12-21 16:00:00,275.25258702191326
2012-12-21 17:00:00,419.5591448348304
2012-12-21 18:00:00,408.24649246086653
2012-12-21 19:00:00,303.4565060225359
2012-12-21 20:00:00,207.64477257813542
2012-12-21 21:00:00,145.4913371758178
2012-12-21 22:00:00,111.3665498723122
2012-12-21 23:00:00,79.81906983155591
2012-12-22 00:00:00,100.87271553106706
2012-12-22 01:00:00,90.21224931788629
2012-12-22 02:00:00,41.48024315966144
2012-12-22 03:00:00,16.69420231618393
2012-12-22 04:00:00,6.909374690479216
2012-12-22 05:00:00,5.802507700893175
2012-12-22 06:00:00,12.873688826479103
2012-12-22 07:00:00,45.489887571524875
2012-12-22 08:00:00,115.31378500779651
2012-12-22 09:00:00,172.85350791852704
2012-12-22 10:00:00,234.8767223515221
2012-12-22 11:00:00,269.8089091437943
2012-12-22 12:00:00,285.42410177555445
2012-12-22 13:00:00,321.6420898005226
2012-12-22 14:00:00,320.3931685906088
2012-12-22 15:00:00,304.8069960033713
2012-12-22 16:00:00,277.1858400952062
2012-12-22 17:00:00,242.06254868925055
2012-12-22 18:00:00,204.81895650698897
2012-12-22 19:00:00,158.3885037202525
2012-12-22 20:00:00,125.93471562753443
2012-12-22 21:00:00,99.82459910727968
2012-12-22 22:00:00,86.70072895251516
2012-12-22 23:00:00,72.91308452462566
2012-12-23 00:00:00,107.16623902406968
2012-12-23 01:00:00,109.88684066154778
2012-12-23 02:00:00,49.06885146995812
2012-12-23 03:00:00,22.594751319732723
2012-12-23 04:00:00,7.345082486303092
2012-12-23 05:00:00,6.15385677053732
2012-12-23 06:00:00,9.227787472999982
2012-12-23 07:00:00,34.7726124924931
2012-12-23 08:00:00,95.26373649297513
2012-12-23 09:00:00,145.02893997821113
2012-12-23 10:00:00,218.15242260139001
2012-12-23 11:00:00,243.89020138584144
2012-12-23 12:00:00,298.69768123475234
2012-12-23 13:00:00,319.85317148306996
2012-12-23 14:00:00,349.48196027820234
2012-12-23 15:00:00,352.4711157571248
2012-12-23 16:00:00,331.89848609051586
2012-12-23 17:00:00,271.05684152294157
2012-12-23 18:00:00,209.13240162581968
2012-12-23 19:00:00,172.71687550178225
2012-12-23 20:00:00,115.26509185332046
2012-12-23 21:00:00,97.01885739786802
2012-12-23 22:00:00,79.23965634017203
2012-12-23 23:00:00,56.62635400611865
2012-12-24 00:00:00,20.837883022515594
2012-12-24 01:00:00,9.858229549320441
2012-12-24 02:00:00,3.7446590467913565
2012-12-24 03:00:00,4.452721510655511
2012-12-24 05:00:00,28.936031191663403
2012-12-24 06:00:00,119.6812465295344
2012-12-24 07:00:00,321.56475624485086
2012-12-24 08:00:00,546.8350067848444
2012-12-24 09:00:00,270.61293563487595
2012-12-24 10:00:00,150.45413116223386
2012-12-24 11:00:00,146.572365641642
2012-12-24 12:00:00,172.64423854748992
2012-12-24 13:00:00,116.76186121596697
2012-12-24 14:00:00,116.19102798819367
2012-12-24 15:00:00,120.85528748004775
2012-12-24 16:00:00,158.23341070238993
2012-12-24 17:00:00,238.90187912505286
2012-12-24 18:00:00,236.18314286210855
2012-12-24 19:00:00,246.3491394835228
2012-12-24 20:00:00,157.76077567350063
2012-12-24 21:00:00,105.0249275019176
2012-12-24 22:00:00,100.00044947068626
2012-12-24 23:00:00,43.69982377553529
2012-12-25 00:00:00,40.76605128940612
2012-12-25 01:00:00,35.390474841537085
2012-12-25 02:00:00,15.559993540694537
2012-12-25 04:00:00,6.471671196216612
2012-12-25 05:00:00,8.27375030379056
2012-12-25 06:00:00,20.571291381782494
2012-12-25 07:00:00,77.75196365019828
2012-12-25 08:00:00,204.96975356348096
2012-12-25 09:00:00,173.77858222364623
2012-12-25 10:00:00,209.97618912312888
2012-12-25 11:00:00,230.08980143798718
2012-12-25 12:00:00,259.21551554783264
2012-12-25 13:00:00,308.8473980090053
2012-12-25 14:00:00,312.63099409754005
2012-12-25 15:00:00,287.85347817553964
2012-12-25 16:00:00,301.26908845647216
2012-12-25 17:00:00,337.64420156588807
2012-12-25 18:00:00,312.29979589569626
2012-12-25 19:00:00,231.97894554674667
2012-12-25 20:00:00,179.38538332314332
2012-12-25 21:00:00,138.3175966902999
2012-12-25 22:00:00,109.17747569785679
2012-12-25 23:00:00,62.23582633998065
2012-12-26 00:00:00,26.506014025883324
2012-12-26 01:00:00,13.040250010061095
2012-12-26 02:00:00,4.3736644231657325
2012-12-26 03:00:00,3.8615761110166082
2012-12-26 04:00:00,5.656409565364905
2012-12-26 05:00:00,29.54632875057862
2012-12-26 06:00:00,117.89879676027238
2012-12-26 07:00:00,171.92655377958408
2012-12-26 08:00:00,237.72972994252632
2012-12-26 09:00:00,152.29352420148453
2012-12-26 10:00:00,105.12949196761679
2012-12-26 11:00:00,103.35664805615372
2012-12-26 12:00:00,112.7708029842962
2012-12-26 13:00:00,112.60825860903192
2012-12-26 14:00:00,114.57853520347714
2012-12-26 15:00:00,119.87432621826765
2012-12-26 16:00:00,150.30700181553473
2012-12-26 17:00:00,234.07662562668074
2012-12-26 18:00:00,225.40856965879627
2012-12-26 19:00:00,197.18495682795557
2012-12-26 20:00:00,141.07090612360773
2012-12-26 21:00:00,138.56721800549911
2012-12-26 22:00:00,65.28598189755772
2012-12-26 23:00:00,44.46953742959225
2012-12-27 00:00:00,18.6171288895081
2012-12-27 01:00:00,7.337025595715153
2012-12-27 02:00:00,4.576549724668105
2012-12-27 03:00:00,4.03388355682668
2012-12-27 04:00:00,5.5875856966280235
2012-12-27 05:00:00,31.04386261886323
2012-12-27 06:00:00,112.18512219748173
2012-12-27 07:00:00,321.44706686445136
2012-12-27 08:00:00,554.3439873003505
2012-12-27 09:00:00,276.7637141011149
2012-12-27 10:00:00,148.73951185950594
2012-12-27 11:00:00,153.7079081784756
2012-12-27 12:00:00,174.9858881303156
2012-12-27 13:00:00,174.9978081540411
2012-12-27 14:00:00,163.9762069707438
2012-12-27 15:00:00,170.97846193144244
2012-12-27 16:00:00,251.10314778536986
2012-12-27 17:00:00,415.53266196741805
2012-12-27 18:00:00,386.9825017139268
2012-12-27 19:00:00,290.10741471427696
2012-12-27 20:00:00,201.14192972836165
2012-12-27 21:00:00,144.62458501861616
2012-12-27 22:00:00,108.25689947170889
2012-12-27 23:00:00,76.2067304308702
2012-12-28 00:00:00,36.85728728004185
2012-12-28 01:00:00,17.02254357574147
2012-12-28 02:00:00,9.98160075740527
2012-12-28 03:00:00,4.986245470156934
2012-12-28 04:00:00,6.308950022324233
2012-12-28 05:00:00,29.7894576850656
2012-12-28 06:00:00,107.7047312051609
2012-12-28 07:00:00,315.3597837006942
2012-12-28 08:00:00,528.5417817659184
2012-12-28 09:00:00,287.4599788655798
2012-12-28 10:00:00,159.47236300302498
2012-12-28 11:00:00,166.52852591909746
2012-12-28 12:00:00,190.85068307202295
2012-12-28 13:00:00,191.33393763526232
2012-12-28 14:00:00,190.8457881768017
2012-12-28 15:00:00,211.8497642960815
2012-12-28 16:00:00,283.27240772188895
2012-12-28 17:00:00,387.84089364435994
2012-12-28 18:00:00,381.13334339656154
2012-12-28 19:00:00,290.01083282846326
2012-12-28 20:00:00,198.47103580607666
2012-12-28 21:00:00,142.7309018179727
2012-12-28 22:00:00,112.26566707399873
2012-12-28 23:00:00,87.00125674972915
2012-12-29 00:00:00,101.83868360718479
2012-12-29 01:00:00,93.81313313475339
2012-12-29 02:00:00,47.57919390543073
2012-12-29 03:00:00,18.569160633772015
2012-12-29 04:00:00,5.830074939972206
2012-12-29 05:00:00,5.397652435167398
2012-12-29 06:00:00,12.677052034139201
2012-12-29 07:00:00,45.602837260155354
2012-12-29 08:00:00,104.19768901738284
2012-12-29 09:00:00,165.151748926283
2012-12-29 10:00:00,178.09610742470457
2012-12-29 11:00:00,180.4489929041047
2012-12-29 12:00:00,185.26013102631322
2012-12-29 13:00:00,188.87550541134638
2012-12-29 14:00:00,246.48097857911876
2012-12-29 15:00:00,242.08117860538678
2012-12-29 16:00:00,261.0843862901661
2012-12-29 17:00:00,206.14118369560555
2012-12-29 18:00:00,194.76225239608118
2012-12-29 19:00:00,170.7806767560064
2012-12-29 20:00:00,139.28994711114282
2012-12-29 21:00:00,85.46380351241135
2012-12-29 22:00:00,82.4908671778208
2012-12-29 23:00:00,84.35448666353273
2012-12-30 00:00:00,113.71515257550891
2012-12-30 01:00:00,107.30358596467157
2012-12-30 02:00:00,46.562980026494515
2012-12-30 03:00:00,17.787499901421825
2012-12-30 04:00:00,6.155259809150024
2012-12-30 05:00:00,5.698510250298382
2012-12-30 06:00:00,8.860862663490648
2012-12-30 07:00:00,32.55959640125348
2012-12-30 08:00:00,100.79568418822797
2012-12-30 09:00:00,152.85617392430018
2012-12-30 10:00:00,228.67655594877698
2012-12-30 11:00:00,251.28849061337417
2012-12-30 12:00:00,268.5489529325677
2012-12-30 13:00:00,273.9195856561907
2012-12-30 14:00:00,277.48095665942833
2012-12-30 15:00:00,269.8953140384996
2012-12-30 16:00:00,259.98188916946003
2012-12-30 17:00:00,221.21664779498957
2012-12-30 18:00:00,186.46229015111243
2012-12-30 19:00:00,192.40227954972565
2012-12-30 20:00:00,110.27827443720224
2012-12-30 21:00:00,74.46217175008691
2012-12-30 22:00:00,64.66261773425967
2012-12-30 23:00:00,43.50780832744829
2012-12-31 00:00:00,19.836896613991474
2012-12-31 01:00:00,9.349623041680543
2012-12-31 02:00:00,4.289286907638995
2012-12-31 03:00:00,4.224932210360655
2012-12-31 04:00:00,5.968636270304545
2012-12-31 05:00:00,30.055431896646866
2012-12-31 06:00:00,116.55581547006376
2012-12-31 07:00:00,319.1884723118076
2012-12-31 08:00:00,518.4449571900986
2012-12-31 09:00:00,260.6418738723622
2012-12-31 10:00:00,139.55006894699125
2012-12-31 11:00:00,142.92020359396525
2012-12-31 12:00:00,160.64092408926587
2012-12-31 13:00:00,168.62971858439218
2012-12-31 14:00:00,171.57074358971173
2012-12-31 15:00:00,181.76966515728398
2012-12-31 16:00:00,251.73949356235957
2012-12-31 17:00:00,401.9280083233043
2012-12-31 18:00:00,392.2410712874159
2012-12-31 19:00:00,297.44868353575134
2012-12-31 20:00:00,204.1876061984622
2012-12-31 21:00:00,144.94783015638808
2012-12-31 22:00:00,110.8694213732677
2012-12-31 23:00:00,60.0437576375949
